"social_network","usage","value","max","share"
"Івано-Франківськ","Загальний бал",15,15,100
"Київ","Загальний бал",12.7,15,85
"Вінниця","Загальний бал",12,15,80
"Львів","Загальний бал",10.75,15,72
"Біла Церква","Загальний бал",10.7,15,71
"Одеса","Загальний бал",10.5,15,70
"Дружківка","Загальний бал",10.5,15,70
"Бердянськ","Загальний бал",10.2,15,68
"Серєродонецьк","Загальний бал",9.75,15,65
"Суми","Загальний бал",9.75,15,65
"Володимир Волинський","Загальний бал",9.7,15,65
"Рівне","Загальний бал",9.25,15,62
"Ізмаїл","Загальний бал",9.2,15,61
"Запоріжжя","Загальний бал",9,15,60
"Кам'янське","Загальний бал",9,15,60
"Дрогобич","Загальний бал",8.7,15,58
"Коростень","Загальний бал",8.7,15,58
"Тернопіль","Загальний бал",8.7,15,58
"Краматорськ","Загальний бал",8.7,15,58
"Коломия","Загальний бал",8.5,15,57
"Житомир","Загальний бал",8.2,15,55
"Калуш","Загальний бал",8.2,15,55
"Луцьк","Загальний бал",8.2,15,55
"Нікополь","Загальний бал",8,15,53
"Ужгород","Загальний бал",7.95,15,53
"Бахмут","Загальний бал",7.7,15,51
"Дніпро","Загальний бал",7.7,15,51
"Енергодар","Загальний бал",7.5,15,50
"Кропивницький","Загальний бал",7.5,15,50
"Чернігів","Загальний бал",7.5,15,50
"Ромни","Загальний бал",7.5,15,50
"Бориспіль","Загальний бал",7.2,15,48
"Миргород","Загальний бал",7.2,15,48
"Маріуполь","Загальний бал",6.75,15,45
"Первомайськ","Загальний бал",6.75,15,45
"Кам'янець-Подільський","Загальний бал",6.7,15,45
"Ковель","Загальний бал",6.5,15,43
"Олександрія","Загальний бал",6.5,15,43
"Ніжин","Загальний бал",6.5,15,43
"Лубни","Загальний бал",6.5,15,43
"Охтирка","Загальний бал",6.5,15,43
"Хмельницький","Загальний бал",6.25,15,42
"Бровари","Загальний бал",6.2,15,41
"Жмеринка","Загальний бал",6,15,40
"Миколаїв","Загальний бал",6,15,40
"Лисичанськ","Загальний бал",6,15,40
"Слов'янськ","Загальний бал",6,15,40
"Білгород Дністровський","Загальний бал",5.7,15,38
"Дубно","Загальний бал",5.7,15,38
"Мелітополь","Загальний бал",5.7,15,38
"Шепетівка","Загальний бал",5.5,15,37
"Чернівці","Загальний бал",5.45,15,36
"Херсон","Загальний бал",5.2,15,35
"Лиман","Загальний бал",5.2,15,35
"Лозова","Загальний бал",5.2,15,35
"Каховка","Загальний бал",5,15,33
"Мукачево","Загальний бал",5,15,33
"Кременчук","Загальний бал",4.95,15,33
"Южноукраїнськ","Загальний бал",4.75,15,32
"Покров","Загальний бал",4.7,15,31
"Рубіжне","Загальний бал",4.5,15,30
"Фастів","Загальний бал",4.5,15,30
"Сміла","Загальний бал",4.5,15,30
"Світловодськ","Загальний бал",4.5,15,30
"Нетішин","Загальний бал",4.2,15,28
"Подільськ","Загальний бал",4.2,15,28
"Горішні Плавні","Загальний бал",4,15,27
"Ірпінь","Загальний бал",4,15,27
"Червоноград","Загальний бал",4,15,27
"Чорноморськ","Загальний бал",4,15,27
"Харків","Загальний бал",3.75,15,25
"Бердичів","Загальний бал",3.5,15,23
"Славута","Загальний бал",3.5,15,23
"Старокостянтинів","Загальний бал",3.5,15,23
"Боярка","Загальний бал",3.5,15,23
"Костянтинівка","Загальний бал",3.2,15,21
"Жовті Води","Загальний бал",3.2,15,21
"Ізюм","Загальний бал",3,15,20
"Мирноград","Загальний бал",3,15,20
"Самбір","Загальний бал",2.45,15,16
"Новоград-Волинський","Загальний бал",2.2,15,15
"Конотоп","Загальний бал",2.2,15,15
"Павлоград","Загальний бал",2.2,15,15
"Шостка","Загальний бал",2,15,13
"Васильків","Загальний бал",2,15,13
"Вараш","Загальний бал",1.5,15,10
"Марганець","Загальний бал",1.2,15,8
"Полтава","Загальний бал",1.2,15,8
"Куп'янськ","Загальний бал",1,15,7
"Нова Каховка","Загальний бал",1,15,7
"Нововолинськ","Загальний бал",1,15,7
"Стрий","Загальний бал",1,15,7
"Вишневе","Загальний бал",0.75,15,5
"Кривий Ріг","Загальний бал",0,15,0
"Черкаси","Загальний бал",0,15,0
"Прилуки","Загальний бал",0,15,0
"Умань","Загальний бал",0,15,0
"Покровськ","Загальний бал",0,15,0
"Дунаївці","Загальний бал",0,15,0
"Новомосковськ","Загальний бал",0,15,0
"Івано-Франківськ","Публічні обговорення регуляторних актів",3,3,100
"Київ","Публічні обговорення регуляторних актів",1,3,33
"Вінниця","Публічні обговорення регуляторних актів",2,3,67
"Львів","Публічні обговорення регуляторних актів",0,3,0
"Біла Церква","Публічні обговорення регуляторних актів",3,3,100
"Одеса","Публічні обговорення регуляторних актів",0,3,0
"Дружківка","Публічні обговорення регуляторних актів",0,3,0
"Бердянськ","Публічні обговорення регуляторних актів",2,3,67
"Серєродонецьк","Публічні обговорення регуляторних актів",0,3,0
"Суми","Публічні обговорення регуляторних актів",0,3,0
"Володимир Волинський","Публічні обговорення регуляторних актів",2,3,67
"Рівне","Публічні обговорення регуляторних актів",0,3,0
"Ізмаїл","Публічні обговорення регуляторних актів",0,3,0
"Запоріжжя","Публічні обговорення регуляторних актів",1,3,33
"Кам'янське","Публічні обговорення регуляторних актів",3,3,100
"Дрогобич","Публічні обговорення регуляторних актів",0,3,0
"Коростень","Публічні обговорення регуляторних актів",2,3,67
"Тернопіль","Публічні обговорення регуляторних актів",0,3,0
"Краматорськ","Публічні обговорення регуляторних актів",2,3,67
"Коломия","Публічні обговорення регуляторних актів",1,3,33
"Житомир","Публічні обговорення регуляторних актів",3,3,100
"Калуш","Публічні обговорення регуляторних актів",3,3,100
"Луцьк","Публічні обговорення регуляторних актів",0,3,0
"Нікополь","Публічні обговорення регуляторних актів",0,3,0
"Ужгород","Публічні обговорення регуляторних актів",0,3,0
"Бахмут","Публічні обговорення регуляторних актів",1,3,33
"Дніпро","Публічні обговорення регуляторних актів",2,3,67
"Енергодар","Публічні обговорення регуляторних актів",1,3,33
"Кропивницький","Публічні обговорення регуляторних актів",0,3,0
"Чернігів","Публічні обговорення регуляторних актів",0,3,0
"Ромни","Публічні обговорення регуляторних актів",0,3,0
"Бориспіль","Публічні обговорення регуляторних актів",0,3,0
"Миргород","Публічні обговорення регуляторних актів",0,3,0
"Маріуполь","Публічні обговорення регуляторних актів",0,3,0
"Первомайськ","Публічні обговорення регуляторних актів",0,3,0
"Кам'янець-Подільський","Публічні обговорення регуляторних актів",1,3,33
"Ковель","Публічні обговорення регуляторних актів",1,3,33
"Олександрія","Публічні обговорення регуляторних актів",0,3,0
"Ніжин","Публічні обговорення регуляторних актів",0,3,0
"Лубни","Публічні обговорення регуляторних актів",0,3,0
"Охтирка","Публічні обговорення регуляторних актів",2,3,67
"Хмельницький","Публічні обговорення регуляторних актів",0,3,0
"Бровари","Публічні обговорення регуляторних актів",1,3,33
"Жмеринка","Публічні обговорення регуляторних актів",1,3,33
"Миколаїв","Публічні обговорення регуляторних актів",0,3,0
"Лисичанськ","Публічні обговорення регуляторних актів",1,3,33
"Слов'янськ","Публічні обговорення регуляторних актів",0,3,0
"Білгород Дністровський","Публічні обговорення регуляторних актів",1,3,33
"Дубно","Публічні обговорення регуляторних актів",0,3,0
"Мелітополь","Публічні обговорення регуляторних актів",0,3,0
"Шепетівка","Публічні обговорення регуляторних актів",2,3,67
"Чернівці","Публічні обговорення регуляторних актів",0,3,0
"Херсон","Публічні обговорення регуляторних актів",1,3,33
"Лиман","Публічні обговорення регуляторних актів",0,3,0
"Лозова","Публічні обговорення регуляторних актів",0,3,0
"Каховка","Публічні обговорення регуляторних актів",0,3,0
"Мукачево","Публічні обговорення регуляторних актів",0,3,0
"Кременчук","Публічні обговорення регуляторних актів",0,3,0
"Южноукраїнськ","Публічні обговорення регуляторних актів",0,3,0
"Покров","Публічні обговорення регуляторних актів",0,3,0
"Рубіжне","Публічні обговорення регуляторних актів",0,3,0
"Фастів","Публічні обговорення регуляторних актів",0,3,0
"Сміла","Публічні обговорення регуляторних актів",0,3,0
"Світловодськ","Публічні обговорення регуляторних актів",0,3,0
"Нетішин","Публічні обговорення регуляторних актів",0,3,0
"Подільськ","Публічні обговорення регуляторних актів",0,3,0
"Горішні Плавні","Публічні обговорення регуляторних актів",0,3,0
"Ірпінь","Публічні обговорення регуляторних актів",0,3,0
"Червоноград","Публічні обговорення регуляторних актів",0,3,0
"Чорноморськ","Публічні обговорення регуляторних актів",0,3,0
"Харків","Публічні обговорення регуляторних актів",0,3,0
"Бердичів","Публічні обговорення регуляторних актів",1,3,33
"Славута","Публічні обговорення регуляторних актів",0,3,0
"Старокостянтинів","Публічні обговорення регуляторних актів",0,3,0
"Боярка","Публічні обговорення регуляторних актів",0,3,0
"Костянтинівка","Публічні обговорення регуляторних актів",0,3,0
"Жовті Води","Публічні обговорення регуляторних актів",0,3,0
"Ізюм","Публічні обговорення регуляторних актів",0,3,0
"Мирноград","Публічні обговорення регуляторних актів",0,3,0
"Самбір","Публічні обговорення регуляторних актів",0,3,0
"Новоград-Волинський","Публічні обговорення регуляторних актів",0,3,0
"Конотоп","Публічні обговорення регуляторних актів",0,3,0
"Павлоград","Публічні обговорення регуляторних актів",0,3,0
"Шостка","Публічні обговорення регуляторних актів",0,3,0
"Васильків","Публічні обговорення регуляторних актів",0,3,0
"Вараш","Публічні обговорення регуляторних актів",0,3,0
"Марганець","Публічні обговорення регуляторних актів",0,3,0
"Полтава","Публічні обговорення регуляторних актів",0,3,0
"Куп'янськ","Публічні обговорення регуляторних актів",0,3,0
"Нова Каховка","Публічні обговорення регуляторних актів",0,3,0
"Нововолинськ","Публічні обговорення регуляторних актів",0,3,0
"Стрий","Публічні обговорення регуляторних актів",0,3,0
"Вишневе","Публічні обговорення регуляторних актів",0,3,0
"Кривий Ріг","Публічні обговорення регуляторних актів",0,3,0
"Черкаси","Публічні обговорення регуляторних актів",0,3,0
"Прилуки","Публічні обговорення регуляторних актів",0,3,0
"Умань","Публічні обговорення регуляторних актів",0,3,0
"Покровськ","Публічні обговорення регуляторних актів",0,3,0
"Дунаївці","Публічні обговорення регуляторних актів",0,3,0
"Новомосковськ","Публічні обговорення регуляторних актів",0,3,0
"Івано-Франківськ","Рішення регуляторних актів міськради",1,1,100
"Київ","Рішення регуляторних актів міськради",1,1,100
"Вінниця","Рішення регуляторних актів міськради",0,1,0
"Львів","Рішення регуляторних актів міськради",1,1,100
"Біла Церква","Рішення регуляторних актів міськради",1,1,100
"Одеса","Рішення регуляторних актів міськради",1,1,100
"Дружківка","Рішення регуляторних актів міськради",1,1,100
"Бердянськ","Рішення регуляторних актів міськради",1,1,100
"Серєродонецьк","Рішення регуляторних актів міськради",1,1,100
"Суми","Рішення регуляторних актів міськради",1,1,100
"Володимир Волинський","Рішення регуляторних актів міськради",1,1,100
"Рівне","Рішення регуляторних актів міськради",1,1,100
"Ізмаїл","Рішення регуляторних актів міськради",1,1,100
"Запоріжжя","Рішення регуляторних актів міськради",0.5,1,50
"Кам'янське","Рішення регуляторних актів міськради",1,1,100
"Дрогобич","Рішення регуляторних актів міськради",1,1,100
"Коростень","Рішення регуляторних актів міськради",0,1,0
"Тернопіль","Рішення регуляторних актів міськради",1,1,100
"Краматорськ","Рішення регуляторних актів міськради",1,1,100
"Коломия","Рішення регуляторних актів міськради",1,1,100
"Житомир","Рішення регуляторних актів міськради",0.5,1,50
"Калуш","Рішення регуляторних актів міськради",0,1,0
"Луцьк","Рішення регуляторних актів міськради",1,1,100
"Нікополь","Рішення регуляторних актів міськради",1,1,100
"Ужгород","Рішення регуляторних актів міськради",1,1,100
"Бахмут","Рішення регуляторних актів міськради",0,1,0
"Дніпро","Рішення регуляторних актів міськради",1,1,100
"Енергодар","Рішення регуляторних актів міськради",0,1,0
"Кропивницький","Рішення регуляторних актів міськради",1,1,100
"Чернігів","Рішення регуляторних актів міськради",0,1,0
"Ромни","Рішення регуляторних актів міськради",1,1,100
"Бориспіль","Рішення регуляторних актів міськради",0.5,1,50
"Миргород","Рішення регуляторних актів міськради",1,1,100
"Маріуполь","Рішення регуляторних актів міськради",1,1,100
"Первомайськ","Рішення регуляторних актів міськради",1,1,100
"Кам'янець-Подільський","Рішення регуляторних актів міськради",1,1,100
"Ковель","Рішення регуляторних актів міськради",0,1,0
"Олександрія","Рішення регуляторних актів міськради",0,1,0
"Ніжин","Рішення регуляторних актів міськради",1,1,100
"Лубни","Рішення регуляторних актів міськради",1,1,100
"Охтирка","Рішення регуляторних актів міськради",1,1,100
"Хмельницький","Рішення регуляторних актів міськради",0,1,0
"Бровари","Рішення регуляторних актів міськради",1,1,100
"Жмеринка","Рішення регуляторних актів міськради",0,1,0
"Миколаїв","Рішення регуляторних актів міськради",0.5,1,50
"Лисичанськ","Рішення регуляторних актів міськради",1,1,100
"Слов'янськ","Рішення регуляторних актів міськради",1,1,100
"Білгород Дністровський","Рішення регуляторних актів міськради",0.5,1,50
"Дубно","Рішення регуляторних актів міськради",0,1,0
"Мелітополь","Рішення регуляторних актів міськради",1,1,100
"Шепетівка","Рішення регуляторних актів міськради",0,1,0
"Чернівці","Рішення регуляторних актів міськради",0,1,0
"Херсон","Рішення регуляторних актів міськради",1,1,100
"Лиман","Рішення регуляторних актів міськради",1,1,100
"Лозова","Рішення регуляторних актів міськради",1,1,100
"Каховка","Рішення регуляторних актів міськради",0.5,1,50
"Мукачево","Рішення регуляторних актів міськради",1,1,100
"Кременчук","Рішення регуляторних актів міськради",0,1,0
"Южноукраїнськ","Рішення регуляторних актів міськради",1,1,100
"Покров","Рішення регуляторних актів міськради",0,1,0
"Рубіжне","Рішення регуляторних актів міськради",0,1,0
"Фастів","Рішення регуляторних актів міськради",1,1,100
"Сміла","Рішення регуляторних актів міськради",1,1,100
"Світловодськ","Рішення регуляторних актів міськради",1,1,100
"Нетішин","Рішення регуляторних актів міськради",1,1,100
"Подільськ","Рішення регуляторних актів міськради",1,1,100
"Горішні Плавні","Рішення регуляторних актів міськради",0,1,0
"Ірпінь","Рішення регуляторних актів міськради",0.5,1,50
"Червоноград","Рішення регуляторних актів міськради",0,1,0
"Чорноморськ","Рішення регуляторних актів міськради",1,1,100
"Харків","Рішення регуляторних актів міськради",0,1,0
"Бердичів","Рішення регуляторних актів міськради",0,1,0
"Славута","Рішення регуляторних актів міськради",1,1,100
"Старокостянтинів","Рішення регуляторних актів міськради",0,1,0
"Боярка","Рішення регуляторних актів міськради",0.5,1,50
"Костянтинівка","Рішення регуляторних актів міськради",0.5,1,50
"Жовті Води","Рішення регуляторних актів міськради",0,1,0
"Ізюм","Рішення регуляторних актів міськради",1,1,100
"Мирноград","Рішення регуляторних актів міськради",0,1,0
"Самбір","Рішення регуляторних актів міськради",0,1,0
"Новоград-Волинський","Рішення регуляторних актів міськради",0,1,0
"Конотоп","Рішення регуляторних актів міськради",0,1,0
"Павлоград","Рішення регуляторних актів міськради",0,1,0
"Шостка","Рішення регуляторних актів міськради",1,1,100
"Васильків","Рішення регуляторних актів міськради",0,1,0
"Вараш","Рішення регуляторних актів міськради",0,1,0
"Марганець","Рішення регуляторних актів міськради",0,1,0
"Полтава","Рішення регуляторних актів міськради",0,1,0
"Куп'янськ","Рішення регуляторних актів міськради",0,1,0
"Нова Каховка","Рішення регуляторних актів міськради",0,1,0
"Нововолинськ","Рішення регуляторних актів міськради",0,1,0
"Стрий","Рішення регуляторних актів міськради",0,1,0
"Вишневе","Рішення регуляторних актів міськради",0.5,1,50
"Кривий Ріг","Рішення регуляторних актів міськради",0,1,0
"Черкаси","Рішення регуляторних актів міськради",0,1,0
"Прилуки","Рішення регуляторних актів міськради",0,1,0
"Умань","Рішення регуляторних актів міськради",0,1,0
"Покровськ","Рішення регуляторних актів міськради",0,1,0
"Дунаївці","Рішення регуляторних актів міськради",0,1,0
"Новомосковськ","Рішення регуляторних актів міськради",0,1,0
"Івано-Франківськ","Рішення регуляторних актів виконкому",1,1,100
"Київ","Рішення регуляторних актів виконкому",1,1,100
"Вінниця","Рішення регуляторних актів виконкому",0,1,0
"Львів","Рішення регуляторних актів виконкому",1,1,100
"Біла Церква","Рішення регуляторних актів виконкому",1,1,100
"Одеса","Рішення регуляторних актів виконкому",1,1,100
"Дружківка","Рішення регуляторних актів виконкому",1,1,100
"Бердянськ","Рішення регуляторних актів виконкому",1,1,100
"Серєродонецьк","Рішення регуляторних актів виконкому",1,1,100
"Суми","Рішення регуляторних актів виконкому",1,1,100
"Володимир Волинський","Рішення регуляторних актів виконкому",1,1,100
"Рівне","Рішення регуляторних актів виконкому",1,1,100
"Ізмаїл","Рішення регуляторних актів виконкому",1,1,100
"Запоріжжя","Рішення регуляторних актів виконкому",0.5,1,50
"Кам'янське","Рішення регуляторних актів виконкому",1,1,100
"Дрогобич","Рішення регуляторних актів виконкому",1,1,100
"Коростень","Рішення регуляторних актів виконкому",0,1,0
"Тернопіль","Рішення регуляторних актів виконкому",1,1,100
"Краматорськ","Рішення регуляторних актів виконкому",0,1,0
"Коломия","Рішення регуляторних актів виконкому",1,1,100
"Житомир","Рішення регуляторних актів виконкому",0.5,1,50
"Калуш","Рішення регуляторних актів виконкому",0,1,0
"Луцьк","Рішення регуляторних актів виконкому",1,1,100
"Нікополь","Рішення регуляторних актів виконкому",1,1,100
"Ужгород","Рішення регуляторних актів виконкому",1,1,100
"Бахмут","Рішення регуляторних актів виконкому",0,1,0
"Дніпро","Рішення регуляторних актів виконкому",1,1,100
"Енергодар","Рішення регуляторних актів виконкому",0,1,0
"Кропивницький","Рішення регуляторних актів виконкому",1,1,100
"Чернігів","Рішення регуляторних актів виконкому",0,1,0
"Ромни","Рішення регуляторних актів виконкому",1,1,100
"Бориспіль","Рішення регуляторних актів виконкому",1,1,100
"Миргород","Рішення регуляторних актів виконкому",1,1,100
"Маріуполь","Рішення регуляторних актів виконкому",1,1,100
"Первомайськ","Рішення регуляторних актів виконкому",1,1,100
"Кам'янець-Подільський","Рішення регуляторних актів виконкому",1,1,100
"Ковель","Рішення регуляторних актів виконкому",0,1,0
"Олександрія","Рішення регуляторних актів виконкому",0,1,0
"Ніжин","Рішення регуляторних актів виконкому",1,1,100
"Лубни","Рішення регуляторних актів виконкому",1,1,100
"Охтирка","Рішення регуляторних актів виконкому",1,1,100
"Хмельницький","Рішення регуляторних актів виконкому",0,1,0
"Бровари","Рішення регуляторних актів виконкому",1,1,100
"Жмеринка","Рішення регуляторних актів виконкому",0,1,0
"Миколаїв","Рішення регуляторних актів виконкому",0.5,1,50
"Лисичанськ","Рішення регуляторних актів виконкому",1,1,100
"Слов'янськ","Рішення регуляторних актів виконкому",1,1,100
"Білгород Дністровський","Рішення регуляторних актів виконкому",0.5,1,50
"Дубно","Рішення регуляторних актів виконкому",1,1,100
"Мелітополь","Рішення регуляторних актів виконкому",1,1,100
"Шепетівка","Рішення регуляторних актів виконкому",0,1,0
"Чернівці","Рішення регуляторних актів виконкому",0,1,0
"Херсон","Рішення регуляторних актів виконкому",1,1,100
"Лиман","Рішення регуляторних актів виконкому",1,1,100
"Лозова","Рішення регуляторних актів виконкому",1,1,100
"Каховка","Рішення регуляторних актів виконкому",0.5,1,50
"Мукачево","Рішення регуляторних актів виконкому",1,1,100
"Кременчук","Рішення регуляторних актів виконкому",0,1,0
"Южноукраїнськ","Рішення регуляторних актів виконкому",1,1,100
"Покров","Рішення регуляторних актів виконкому",0,1,0
"Рубіжне","Рішення регуляторних актів виконкому",0,1,0
"Фастів","Рішення регуляторних актів виконкому",1,1,100
"Сміла","Рішення регуляторних актів виконкому",1,1,100
"Світловодськ","Рішення регуляторних актів виконкому",1,1,100
"Нетішин","Рішення регуляторних актів виконкому",1,1,100
"Подільськ","Рішення регуляторних актів виконкому",1,1,100
"Горішні Плавні","Рішення регуляторних актів виконкому",0,1,0
"Ірпінь","Рішення регуляторних актів виконкому",1,1,100
"Червоноград","Рішення регуляторних актів виконкому",0,1,0
"Чорноморськ","Рішення регуляторних актів виконкому",1,1,100
"Харків","Рішення регуляторних актів виконкому",0,1,0
"Бердичів","Рішення регуляторних актів виконкому",0,1,0
"Славута","Рішення регуляторних актів виконкому",1,1,100
"Старокостянтинів","Рішення регуляторних актів виконкому",1,1,100
"Боярка","Рішення регуляторних актів виконкому",0.5,1,50
"Костянтинівка","Рішення регуляторних актів виконкому",0.5,1,50
"Жовті Води","Рішення регуляторних актів виконкому",0,1,0
"Ізюм","Рішення регуляторних актів виконкому",1,1,100
"Мирноград","Рішення регуляторних актів виконкому",0,1,0
"Самбір","Рішення регуляторних актів виконкому",0,1,0
"Новоград-Волинський","Рішення регуляторних актів виконкому",0,1,0
"Конотоп","Рішення регуляторних актів виконкому",0,1,0
"Павлоград","Рішення регуляторних актів виконкому",0,1,0
"Шостка","Рішення регуляторних актів виконкому",1,1,100
"Васильків","Рішення регуляторних актів виконкому",0,1,0
"Вараш","Рішення регуляторних актів виконкому",0,1,0
"Марганець","Рішення регуляторних актів виконкому",0,1,0
"Полтава","Рішення регуляторних актів виконкому",0,1,0
"Куп'янськ","Рішення регуляторних актів виконкому",0,1,0
"Нова Каховка","Рішення регуляторних актів виконкому",0,1,0
"Нововолинськ","Рішення регуляторних актів виконкому",0,1,0
"Стрий","Рішення регуляторних актів виконкому",0,1,0
"Вишневе","Рішення регуляторних актів виконкому",0,1,0
"Кривий Ріг","Рішення регуляторних актів виконкому",0,1,0
"Черкаси","Рішення регуляторних актів виконкому",0,1,0
"Прилуки","Рішення регуляторних актів виконкому",0,1,0
"Умань","Рішення регуляторних актів виконкому",0,1,0
"Покровськ","Рішення регуляторних актів виконкому",0,1,0
"Дунаївці","Рішення регуляторних актів виконкому",0,1,0
"Новомосковськ","Рішення регуляторних актів виконкому",0,1,0
"Івано-Франківськ","Діючі регуляторні акти на сайті ОМС",1,1,100
"Київ","Діючі регуляторні акти на сайті ОМС",1,1,100
"Вінниця","Діючі регуляторні акти на сайті ОМС",1,1,100
"Львів","Діючі регуляторні акти на сайті ОМС",0,1,0
"Біла Церква","Діючі регуляторні акти на сайті ОМС",1,1,100
"Одеса","Діючі регуляторні акти на сайті ОМС",1,1,100
"Дружківка","Діючі регуляторні акти на сайті ОМС",1,1,100
"Бердянськ","Діючі регуляторні акти на сайті ОМС",1,1,100
"Серєродонецьк","Діючі регуляторні акти на сайті ОМС",1,1,100
"Суми","Діючі регуляторні акти на сайті ОМС",1,1,100
"Володимир Волинський","Діючі регуляторні акти на сайті ОМС",1,1,100
"Рівне","Діючі регуляторні акти на сайті ОМС",1,1,100
"Ізмаїл","Діючі регуляторні акти на сайті ОМС",1,1,100
"Запоріжжя","Діючі регуляторні акти на сайті ОМС",1,1,100
"Кам'янське","Діючі регуляторні акти на сайті ОМС",1,1,100
"Дрогобич","Діючі регуляторні акти на сайті ОМС",0,1,0
"Коростень","Діючі регуляторні акти на сайті ОМС",1,1,100
"Тернопіль","Діючі регуляторні акти на сайті ОМС",0,1,0
"Краматорськ","Діючі регуляторні акти на сайті ОМС",1,1,100
"Коломия","Діючі регуляторні акти на сайті ОМС",1,1,100
"Житомир","Діючі регуляторні акти на сайті ОМС",1,1,100
"Калуш","Діючі регуляторні акти на сайті ОМС",1,1,100
"Луцьк","Діючі регуляторні акти на сайті ОМС",1,1,100
"Нікополь","Діючі регуляторні акти на сайті ОМС",1,1,100
"Ужгород","Діючі регуляторні акти на сайті ОМС",0,1,0
"Бахмут","Діючі регуляторні акти на сайті ОМС",1,1,100
"Дніпро","Діючі регуляторні акти на сайті ОМС",1,1,100
"Енергодар","Діючі регуляторні акти на сайті ОМС",1,1,100
"Кропивницький","Діючі регуляторні акти на сайті ОМС",1,1,100
"Чернігів","Діючі регуляторні акти на сайті ОМС",0,1,0
"Ромни","Діючі регуляторні акти на сайті ОМС",1,1,100
"Бориспіль","Діючі регуляторні акти на сайті ОМС",1,1,100
"Миргород","Діючі регуляторні акти на сайті ОМС",1,1,100
"Маріуполь","Діючі регуляторні акти на сайті ОМС",0,1,0
"Первомайськ","Діючі регуляторні акти на сайті ОМС",1,1,100
"Кам'янець-Подільський","Діючі регуляторні акти на сайті ОМС",1,1,100
"Ковель","Діючі регуляторні акти на сайті ОМС",1,1,100
"Олександрія","Діючі регуляторні акти на сайті ОМС",1,1,100
"Ніжин","Діючі регуляторні акти на сайті ОМС",0,1,0
"Лубни","Діючі регуляторні акти на сайті ОМС",1,1,100
"Охтирка","Діючі регуляторні акти на сайті ОМС",0,1,0
"Хмельницький","Діючі регуляторні акти на сайті ОМС",0,1,0
"Бровари","Діючі регуляторні акти на сайті ОМС",1,1,100
"Жмеринка","Діючі регуляторні акти на сайті ОМС",1,1,100
"Миколаїв","Діючі регуляторні акти на сайті ОМС",1,1,100
"Лисичанськ","Діючі регуляторні акти на сайті ОМС",1,1,100
"Слов'янськ","Діючі регуляторні акти на сайті ОМС",1,1,100
"Білгород Дністровський","Діючі регуляторні акти на сайті ОМС",1,1,100
"Дубно","Діючі регуляторні акти на сайті ОМС",0,1,0
"Мелітополь","Діючі регуляторні акти на сайті ОМС",0,1,0
"Шепетівка","Діючі регуляторні акти на сайті ОМС",1,1,100
"Чернівці","Діючі регуляторні акти на сайті ОМС",1,1,100
"Херсон","Діючі регуляторні акти на сайті ОМС",0,1,0
"Лиман","Діючі регуляторні акти на сайті ОМС",1,1,100
"Лозова","Діючі регуляторні акти на сайті ОМС",1,1,100
"Каховка","Діючі регуляторні акти на сайті ОМС",1,1,100
"Мукачево","Діючі регуляторні акти на сайті ОМС",1,1,100
"Кременчук","Діючі регуляторні акти на сайті ОМС",1,1,100
"Южноукраїнськ","Діючі регуляторні акти на сайті ОМС",0,1,0
"Покров","Діючі регуляторні акти на сайті ОМС",1,1,100
"Рубіжне","Діючі регуляторні акти на сайті ОМС",1,1,100
"Фастів","Діючі регуляторні акти на сайті ОМС",1,1,100
"Сміла","Діючі регуляторні акти на сайті ОМС",1,1,100
"Світловодськ","Діючі регуляторні акти на сайті ОМС",0,1,0
"Нетішин","Діючі регуляторні акти на сайті ОМС",0,1,0
"Подільськ","Діючі регуляторні акти на сайті ОМС",1,1,100
"Горішні Плавні","Діючі регуляторні акти на сайті ОМС",1,1,100
"Ірпінь","Діючі регуляторні акти на сайті ОМС",1,1,100
"Червоноград","Діючі регуляторні акти на сайті ОМС",0,1,0
"Чорноморськ","Діючі регуляторні акти на сайті ОМС",1,1,100
"Харків","Діючі регуляторні акти на сайті ОМС",0,1,0
"Бердичів","Діючі регуляторні акти на сайті ОМС",1,1,100
"Славута","Діючі регуляторні акти на сайті ОМС",0,1,0
"Старокостянтинів","Діючі регуляторні акти на сайті ОМС",1,1,100
"Боярка","Діючі регуляторні акти на сайті ОМС",1,1,100
"Костянтинівка","Діючі регуляторні акти на сайті ОМС",1,1,100
"Жовті Води","Діючі регуляторні акти на сайті ОМС",1,1,100
"Ізюм","Діючі регуляторні акти на сайті ОМС",0,1,0
"Мирноград","Діючі регуляторні акти на сайті ОМС",0,1,0
"Самбір","Діючі регуляторні акти на сайті ОМС",0,1,0
"Новоград-Волинський","Діючі регуляторні акти на сайті ОМС",0,1,0
"Конотоп","Діючі регуляторні акти на сайті ОМС",1,1,100
"Павлоград","Діючі регуляторні акти на сайті ОМС",0,1,0
"Шостка","Діючі регуляторні акти на сайті ОМС",0,1,0
"Васильків","Діючі регуляторні акти на сайті ОМС",1,1,100
"Вараш","Діючі регуляторні акти на сайті ОМС",0,1,0
"Марганець","Діючі регуляторні акти на сайті ОМС",1,1,100
"Полтава","Діючі регуляторні акти на сайті ОМС",1,1,100
"Куп'янськ","Діючі регуляторні акти на сайті ОМС",1,1,100
"Нова Каховка","Діючі регуляторні акти на сайті ОМС",0,1,0
"Нововолинськ","Діючі регуляторні акти на сайті ОМС",0,1,0
"Стрий","Діючі регуляторні акти на сайті ОМС",0,1,0
"Вишневе","Діючі регуляторні акти на сайті ОМС",0,1,0
"Кривий Ріг","Діючі регуляторні акти на сайті ОМС",0,1,0
"Черкаси","Діючі регуляторні акти на сайті ОМС",0,1,0
"Прилуки","Діючі регуляторні акти на сайті ОМС",0,1,0
"Умань","Діючі регуляторні акти на сайті ОМС",0,1,0
"Покровськ","Діючі регуляторні акти на сайті ОМС",0,1,0
"Дунаївці","Діючі регуляторні акти на сайті ОМС",0,1,0
"Новомосковськ","Діючі регуляторні акти на сайті ОМС",0,1,0
"Івано-Франківськ","Діючі регуляторні акти на data gov ua",0,1,0
"Київ","Діючі регуляторні акти на data gov ua",0,1,0
"Вінниця","Діючі регуляторні акти на data gov ua",1,1,100
"Львів","Діючі регуляторні акти на data gov ua",0,1,0
"Біла Церква","Діючі регуляторні акти на data gov ua",0,1,0
"Одеса","Діючі регуляторні акти на data gov ua",0,1,0
"Дружківка","Діючі регуляторні акти на data gov ua",1,1,100
"Бердянськ","Діючі регуляторні акти на data gov ua",1,1,100
"Серєродонецьк","Діючі регуляторні акти на data gov ua",0,1,0
"Суми","Діючі регуляторні акти на data gov ua",0,1,0
"Володимир Волинський","Діючі регуляторні акти на data gov ua",0,1,0
"Рівне","Діючі регуляторні акти на data gov ua",0,1,0
"Ізмаїл","Діючі регуляторні акти на data gov ua",0,1,0
"Запоріжжя","Діючі регуляторні акти на data gov ua",0,1,0
"Кам'янське","Діючі регуляторні акти на data gov ua",0,1,0
"Дрогобич","Діючі регуляторні акти на data gov ua",0,1,0
"Коростень","Діючі регуляторні акти на data gov ua",0,1,0
"Тернопіль","Діючі регуляторні акти на data gov ua",1,1,100
"Краматорськ","Діючі регуляторні акти на data gov ua",1,1,100
"Коломия","Діючі регуляторні акти на data gov ua",0,1,0
"Житомир","Діючі регуляторні акти на data gov ua",1,1,100
"Калуш","Діючі регуляторні акти на data gov ua",0,1,0
"Луцьк","Діючі регуляторні акти на data gov ua",1,1,100
"Нікополь","Діючі регуляторні акти на data gov ua",1,1,100
"Ужгород","Діючі регуляторні акти на data gov ua",1,1,100
"Бахмут","Діючі регуляторні акти на data gov ua",0,1,0
"Дніпро","Діючі регуляторні акти на data gov ua",0,1,0
"Енергодар","Діючі регуляторні акти на data gov ua",0,1,0
"Кропивницький","Діючі регуляторні акти на data gov ua",1,1,100
"Чернігів","Діючі регуляторні акти на data gov ua",0,1,0
"Ромни","Діючі регуляторні акти на data gov ua",0,1,0
"Бориспіль","Діючі регуляторні акти на data gov ua",1,1,100
"Миргород","Діючі регуляторні акти на data gov ua",0,1,0
"Маріуполь","Діючі регуляторні акти на data gov ua",0,1,0
"Первомайськ","Діючі регуляторні акти на data gov ua",0,1,0
"Кам'янець-Подільський","Діючі регуляторні акти на data gov ua",0,1,0
"Ковель","Діючі регуляторні акти на data gov ua",0,1,0
"Олександрія","Діючі регуляторні акти на data gov ua",0,1,0
"Ніжин","Діючі регуляторні акти на data gov ua",0,1,0
"Лубни","Діючі регуляторні акти на data gov ua",0,1,0
"Охтирка","Діючі регуляторні акти на data gov ua",0,1,0
"Хмельницький","Діючі регуляторні акти на data gov ua",0,1,0
"Бровари","Діючі регуляторні акти на data gov ua",0,1,0
"Жмеринка","Діючі регуляторні акти на data gov ua",0,1,0
"Миколаїв","Діючі регуляторні акти на data gov ua",0,1,0
"Лисичанськ","Діючі регуляторні акти на data gov ua",1,1,100
"Слов'янськ","Діючі регуляторні акти на data gov ua",1,1,100
"Білгород Дністровський","Діючі регуляторні акти на data gov ua",0,1,0
"Дубно","Діючі регуляторні акти на data gov ua",0,1,0
"Мелітополь","Діючі регуляторні акти на data gov ua",0,1,0
"Шепетівка","Діючі регуляторні акти на data gov ua",0,1,0
"Чернівці","Діючі регуляторні акти на data gov ua",0,1,0
"Херсон","Діючі регуляторні акти на data gov ua",0,1,0
"Лиман","Діючі регуляторні акти на data gov ua",0,1,0
"Лозова","Діючі регуляторні акти на data gov ua",0,1,0
"Каховка","Діючі регуляторні акти на data gov ua",0,1,0
"Мукачево","Діючі регуляторні акти на data gov ua",0,1,0
"Кременчук","Діючі регуляторні акти на data gov ua",0,1,0
"Южноукраїнськ","Діючі регуляторні акти на data gov ua",0,1,0
"Покров","Діючі регуляторні акти на data gov ua",0,1,0
"Рубіжне","Діючі регуляторні акти на data gov ua",0,1,0
"Фастів","Діючі регуляторні акти на data gov ua",0,1,0
"Сміла","Діючі регуляторні акти на data gov ua",0,1,0
"Світловодськ","Діючі регуляторні акти на data gov ua",0,1,0
"Нетішин","Діючі регуляторні акти на data gov ua",0,1,0
"Подільськ","Діючі регуляторні акти на data gov ua",0,1,0
"Горішні Плавні","Діючі регуляторні акти на data gov ua",0,1,0
"Ірпінь","Діючі регуляторні акти на data gov ua",0,1,0
"Червоноград","Діючі регуляторні акти на data gov ua",0,1,0
"Чорноморськ","Діючі регуляторні акти на data gov ua",0,1,0
"Харків","Діючі регуляторні акти на data gov ua",0,1,0
"Бердичів","Діючі регуляторні акти на data gov ua",0,1,0
"Славута","Діючі регуляторні акти на data gov ua",0,1,0
"Старокостянтинів","Діючі регуляторні акти на data gov ua",0,1,0
"Боярка","Діючі регуляторні акти на data gov ua",0,1,0
"Костянтинівка","Діючі регуляторні акти на data gov ua",0,1,0
"Жовті Води","Діючі регуляторні акти на data gov ua",0,1,0
"Ізюм","Діючі регуляторні акти на data gov ua",0,1,0
"Мирноград","Діючі регуляторні акти на data gov ua",0,1,0
"Самбір","Діючі регуляторні акти на data gov ua",0,1,0
"Новоград-Волинський","Діючі регуляторні акти на data gov ua",0,1,0
"Конотоп","Діючі регуляторні акти на data gov ua",0,1,0
"Павлоград","Діючі регуляторні акти на data gov ua",0,1,0
"Шостка","Діючі регуляторні акти на data gov ua",0,1,0
"Васильків","Діючі регуляторні акти на data gov ua",0,1,0
"Вараш","Діючі регуляторні акти на data gov ua",0,1,0
"Марганець","Діючі регуляторні акти на data gov ua",0,1,0
"Полтава","Діючі регуляторні акти на data gov ua",0,1,0
"Куп'янськ","Діючі регуляторні акти на data gov ua",0,1,0
"Нова Каховка","Діючі регуляторні акти на data gov ua",0,1,0
"Нововолинськ","Діючі регуляторні акти на data gov ua",0,1,0
"Стрий","Діючі регуляторні акти на data gov ua",0,1,0
"Вишневе","Діючі регуляторні акти на data gov ua",0,1,0
"Кривий Ріг","Діючі регуляторні акти на data gov ua",0,1,0
"Черкаси","Діючі регуляторні акти на data gov ua",0,1,0
"Прилуки","Діючі регуляторні акти на data gov ua",0,1,0
"Умань","Діючі регуляторні акти на data gov ua",0,1,0
"Покровськ","Діючі регуляторні акти на data gov ua",0,1,0
"Дунаївці","Діючі регуляторні акти на data gov ua",0,1,0
"Новомосковськ","Діючі регуляторні акти на data gov ua",0,1,0
"Івано-Франківськ","Інвестиційний паспорт громади",1,1,100
"Київ","Інвестиційний паспорт громади",0.7,1,70
"Вінниця","Інвестиційний паспорт громади",1,1,100
"Львів","Інвестиційний паспорт громади",0.5,1,50
"Біла Церква","Інвестиційний паспорт громади",0.7,1,70
"Одеса","Інвестиційний паспорт громади",1,1,100
"Дружківка","Інвестиційний паспорт громади",0.5,1,50
"Бердянськ","Інвестиційний паспорт громади",0.2,1,20
"Серєродонецьк","Інвестиційний паспорт громади",0.5,1,50
"Суми","Інвестиційний паспорт громади",0.5,1,50
"Володимир Волинський","Інвестиційний паспорт громади",0.7,1,70
"Рівне","Інвестиційний паспорт громади",1,1,100
"Ізмаїл","Інвестиційний паспорт громади",0.2,1,20
"Запоріжжя","Інвестиційний паспорт громади",1,1,100
"Кам'янське","Інвестиційний паспорт громади",0,1,0
"Дрогобич","Інвестиційний паспорт громади",0.7,1,70
"Коростень","Інвестиційний паспорт громади",0.7,1,70
"Тернопіль","Інвестиційний паспорт громади",0.7,1,70
"Краматорськ","Інвестиційний паспорт громади",0.7,1,70
"Коломия","Інвестиційний паспорт громади",0.5,1,50
"Житомир","Інвестиційний паспорт громади",0.2,1,20
"Калуш","Інвестиційний паспорт громади",0.2,1,20
"Луцьк","Інвестиційний паспорт громади",0.2,1,20
"Нікополь","Інвестиційний паспорт громади",0,1,0
"Ужгород","Інвестиційний паспорт громади",0.7,1,70
"Бахмут","Інвестиційний паспорт громади",0.7,1,70
"Дніпро","Інвестиційний паспорт громади",0.7,1,70
"Енергодар","Інвестиційний паспорт громади",0.5,1,50
"Кропивницький","Інвестиційний паспорт громади",0.5,1,50
"Чернігів","Інвестиційний паспорт громади",1,1,100
"Ромни","Інвестиційний паспорт громади",0.5,1,50
"Бориспіль","Інвестиційний паспорт громади",0.7,1,70
"Миргород","Інвестиційний паспорт громади",0.2,1,20
"Маріуполь","Інвестиційний паспорт громади",0.5,1,50
"Первомайськ","Інвестиційний паспорт громади",0.5,1,50
"Кам'янець-Подільський","Інвестиційний паспорт громади",0.7,1,70
"Ковель","Інвестиційний паспорт громади",0.5,1,50
"Олександрія","Інвестиційний паспорт громади",1,1,100
"Ніжин","Інвестиційний паспорт громади",0.5,1,50
"Лубни","Інвестиційний паспорт громади",0.5,1,50
"Охтирка","Інвестиційний паспорт громади",0.5,1,50
"Хмельницький","Інвестиційний паспорт громади",0.5,1,50
"Бровари","Інвестиційний паспорт громади",0.2,1,20
"Жмеринка","Інвестиційний паспорт громади",1,1,100
"Миколаїв","Інвестиційний паспорт громади",1,1,100
"Лисичанськ","Інвестиційний паспорт громади",0,1,0
"Слов'янськ","Інвестиційний паспорт громади",0,1,0
"Білгород Дністровський","Інвестиційний паспорт громади",0.2,1,20
"Дубно","Інвестиційний паспорт громади",0.7,1,70
"Мелітополь","Інвестиційний паспорт громади",0.7,1,70
"Шепетівка","Інвестиційний паспорт громади",0.5,1,50
"Чернівці","Інвестиційний паспорт громади",0.7,1,70
"Херсон","Інвестиційний паспорт громади",0.2,1,20
"Лиман","Інвестиційний паспорт громади",0.2,1,20
"Лозова","Інвестиційний паспорт громади",0.2,1,20
"Каховка","Інвестиційний паспорт громади",0,1,0
"Мукачево","Інвестиційний паспорт громади",0,1,0
"Кременчук","Інвестиційний паспорт громади",0.2,1,20
"Южноукраїнськ","Інвестиційний паспорт громади",0.5,1,50
"Покров","Інвестиційний паспорт громади",0.7,1,70
"Рубіжне","Інвестиційний паспорт громади",0.5,1,50
"Фастів","Інвестиційний паспорт громади",0.5,1,50
"Сміла","Інвестиційний паспорт громади",0.5,1,50
"Світловодськ","Інвестиційний паспорт громади",0.5,1,50
"Нетішин","Інвестиційний паспорт громади",0.2,1,20
"Подільськ","Інвестиційний паспорт громади",0.2,1,20
"Горішні Плавні","Інвестиційний паспорт громади",0,1,0
"Ірпінь","Інвестиційний паспорт громади",0.5,1,50
"Червоноград","Інвестиційний паспорт громади",1,1,100
"Чорноморськ","Інвестиційний паспорт громади",0,1,0
"Харків","Інвестиційний паспорт громади",0.5,1,50
"Бердичів","Інвестиційний паспорт громади",0.5,1,50
"Славута","Інвестиційний паспорт громади",0.5,1,50
"Старокостянтинів","Інвестиційний паспорт громади",0.5,1,50
"Боярка","Інвестиційний паспорт громади",0.5,1,50
"Костянтинівка","Інвестиційний паспорт громади",0.2,1,20
"Жовті Води","Інвестиційний паспорт громади",0.2,1,20
"Ізюм","Інвестиційний паспорт громади",0.2,1,20
"Мирноград","Інвестиційний паспорт громади",0,1,0
"Самбір","Інвестиційний паспорт громади",0.2,1,20
"Новоград-Волинський","Інвестиційний паспорт громади",0.2,1,20
"Конотоп","Інвестиційний паспорт громади",0.2,1,20
"Павлоград","Інвестиційний паспорт громади",0.2,1,20
"Шостка","Інвестиційний паспорт громади",0,1,0
"Васильків","Інвестиційний паспорт громади",0,1,0
"Вараш","Інвестиційний паспорт громади",0.5,1,50
"Марганець","Інвестиційний паспорт громади",0.2,1,20
"Полтава","Інвестиційний паспорт громади",0.2,1,20
"Куп'янськ","Інвестиційний паспорт громади",0,1,0
"Нова Каховка","Інвестиційний паспорт громади",0,1,0
"Нововолинськ","Інвестиційний паспорт громади",0,1,0
"Стрий","Інвестиційний паспорт громади",0,1,0
"Вишневе","Інвестиційний паспорт громади",0,1,0
"Кривий Ріг","Інвестиційний паспорт громади",0,1,0
"Черкаси","Інвестиційний паспорт громади",0,1,0
"Прилуки","Інвестиційний паспорт громади",0,1,0
"Умань","Інвестиційний паспорт громади",0,1,0
"Покровськ","Інвестиційний паспорт громади",0,1,0
"Дунаївці","Інвестиційний паспорт громади",0,1,0
"Новомосковськ","Інвестиційний паспорт громади",0,1,0
"Івано-Франківськ","Об єкти для інвестування",1,1,100
"Київ","Об єкти для інвестування",1,1,100
"Вінниця","Об єкти для інвестування",1,1,100
"Львів","Об єкти для інвестування",1,1,100
"Біла Церква","Об єкти для інвестування",1,1,100
"Одеса","Об єкти для інвестування",1,1,100
"Дружківка","Об єкти для інвестування",1,1,100
"Бердянськ","Об єкти для інвестування",1,1,100
"Серєродонецьк","Об єкти для інвестування",1,1,100
"Суми","Об єкти для інвестування",1,1,100
"Володимир Волинський","Об єкти для інвестування",1,1,100
"Рівне","Об єкти для інвестування",1,1,100
"Ізмаїл","Об єкти для інвестування",1,1,100
"Запоріжжя","Об єкти для інвестування",1,1,100
"Кам'янське","Об єкти для інвестування",0,1,0
"Дрогобич","Об єкти для інвестування",1,1,100
"Коростень","Об єкти для інвестування",1,1,100
"Тернопіль","Об єкти для інвестування",1,1,100
"Краматорськ","Об єкти для інвестування",1,1,100
"Коломия","Об єкти для інвестування",1,1,100
"Житомир","Об єкти для інвестування",0,1,0
"Калуш","Об єкти для інвестування",1,1,100
"Луцьк","Об єкти для інвестування",1,1,100
"Нікополь","Об єкти для інвестування",1,1,100
"Ужгород","Об єкти для інвестування",1,1,100
"Бахмут","Об єкти для інвестування",1,1,100
"Дніпро","Об єкти для інвестування",1,1,100
"Енергодар","Об єкти для інвестування",1,1,100
"Кропивницький","Об єкти для інвестування",1,1,100
"Чернігів","Об єкти для інвестування",1,1,100
"Ромни","Об єкти для інвестування",1,1,100
"Бориспіль","Об єкти для інвестування",1,1,100
"Миргород","Об єкти для інвестування",1,1,100
"Маріуполь","Об єкти для інвестування",1,1,100
"Первомайськ","Об єкти для інвестування",1,1,100
"Кам'янець-Подільський","Об єкти для інвестування",1,1,100
"Ковель","Об єкти для інвестування",1,1,100
"Олександрія","Об єкти для інвестування",1,1,100
"Ніжин","Об єкти для інвестування",1,1,100
"Лубни","Об єкти для інвестування",1,1,100
"Охтирка","Об єкти для інвестування",1,1,100
"Хмельницький","Об єкти для інвестування",1,1,100
"Бровари","Об єкти для інвестування",0,1,0
"Жмеринка","Об єкти для інвестування",1,1,100
"Миколаїв","Об єкти для інвестування",1,1,100
"Лисичанськ","Об єкти для інвестування",0,1,0
"Слов'янськ","Об єкти для інвестування",0,1,0
"Білгород Дністровський","Об єкти для інвестування",1,1,100
"Дубно","Об єкти для інвестування",1,1,100
"Мелітополь","Об єкти для інвестування",1,1,100
"Шепетівка","Об єкти для інвестування",1,1,100
"Чернівці","Об єкти для інвестування",1,1,100
"Херсон","Об єкти для інвестування",1,1,100
"Лиман","Об єкти для інвестування",1,1,100
"Лозова","Об єкти для інвестування",1,1,100
"Каховка","Об єкти для інвестування",1,1,100
"Мукачево","Об єкти для інвестування",0,1,0
"Кременчук","Об єкти для інвестування",0,1,0
"Южноукраїнськ","Об єкти для інвестування",1,1,100
"Покров","Об єкти для інвестування",1,1,100
"Рубіжне","Об єкти для інвестування",1,1,100
"Фастів","Об єкти для інвестування",1,1,100
"Сміла","Об єкти для інвестування",1,1,100
"Світловодськ","Об єкти для інвестування",0,1,0
"Нетішин","Об єкти для інвестування",1,1,100
"Подільськ","Об єкти для інвестування",0,1,0
"Горішні Плавні","Об єкти для інвестування",0,1,0
"Ірпінь","Об єкти для інвестування",0,1,0
"Червоноград","Об єкти для інвестування",1,1,100
"Чорноморськ","Об єкти для інвестування",0,1,0
"Харків","Об єкти для інвестування",1,1,100
"Бердичів","Об єкти для інвестування",1,1,100
"Славута","Об єкти для інвестування",1,1,100
"Старокостянтинів","Об єкти для інвестування",1,1,100
"Боярка","Об єкти для інвестування",1,1,100
"Костянтинівка","Об єкти для інвестування",0,1,0
"Жовті Води","Об єкти для інвестування",0,1,0
"Ізюм","Об єкти для інвестування",1,1,100
"Мирноград","Об єкти для інвестування",0,1,0
"Самбір","Об єкти для інвестування",1,1,100
"Новоград-Волинський","Об єкти для інвестування",1,1,100
"Конотоп","Об єкти для інвестування",0,1,0
"Павлоград","Об єкти для інвестування",1,1,100
"Шостка","Об єкти для інвестування",0,1,0
"Васильків","Об єкти для інвестування",0,1,0
"Вараш","Об єкти для інвестування",1,1,100
"Марганець","Об єкти для інвестування",0,1,0
"Полтава","Об єкти для інвестування",0,1,0
"Куп'янськ","Об єкти для інвестування",0,1,0
"Нова Каховка","Об єкти для інвестування",0,1,0
"Нововолинськ","Об єкти для інвестування",0,1,0
"Стрий","Об єкти для інвестування",1,1,100
"Вишневе","Об єкти для інвестування",0,1,0
"Кривий Ріг","Об єкти для інвестування",0,1,0
"Черкаси","Об єкти для інвестування",0,1,0
"Прилуки","Об єкти для інвестування",0,1,0
"Умань","Об єкти для інвестування",0,1,0
"Покровськ","Об єкти для інвестування",0,1,0
"Дунаївці","Об єкти для інвестування",0,1,0
"Новомосковськ","Об єкти для інвестування",0,1,0
"Івано-Франківськ","Підприємці у виконкомі",0,1,0
"Київ","Підприємці у виконкомі",1,1,100
"Вінниця","Підприємці у виконкомі",0,1,0
"Львів","Підприємці у виконкомі",0.25,1,25
"Біла Церква","Підприємці у виконкомі",0,1,0
"Одеса","Підприємці у виконкомі",0.5,1,50
"Дружківка","Підприємці у виконкомі",1,1,100
"Бердянськ","Підприємці у виконкомі",1,1,100
"Серєродонецьк","Підприємці у виконкомі",0.25,1,25
"Суми","Підприємці у виконкомі",0.25,1,25
"Володимир Волинський","Підприємці у виконкомі",1,1,100
"Рівне","Підприємці у виконкомі",0.25,1,25
"Ізмаїл","Підприємці у виконкомі",1,1,100
"Запоріжжя","Підприємці у виконкомі",1,1,100
"Кам'янське","Підприємці у виконкомі",0,1,0
"Дрогобич","Підприємці у виконкомі",1,1,100
"Коростень","Підприємці у виконкомі",0,1,0
"Тернопіль","Підприємці у виконкомі",0,1,0
"Краматорськ","Підприємці у виконкомі",0,1,0
"Коломия","Підприємці у виконкомі",0,1,0
"Житомир","Підприємці у виконкомі",0,1,0
"Калуш","Підприємці у виконкомі",0,1,0
"Луцьк","Підприємці у виконкомі",0,1,0
"Нікополь","Підприємці у виконкомі",0,1,0
"Ужгород","Підприємці у виконкомі",0.25,1,25
"Бахмут","Підприємці у виконкомі",0,1,0
"Дніпро","Підприємці у виконкомі",0,1,0
"Енергодар","Підприємці у виконкомі",0,1,0
"Кропивницький","Підприємці у виконкомі",0,1,0
"Чернігів","Підприємці у виконкомі",0.5,1,50
"Ромни","Підприємці у виконкомі",0,1,0
"Бориспіль","Підприємці у виконкомі",0,1,0
"Миргород","Підприємці у виконкомі",0,1,0
"Маріуполь","Підприємці у виконкомі",0.25,1,25
"Первомайськ","Підприємці у виконкомі",0.25,1,25
"Кам'янець-Подільський","Підприємці у виконкомі",0,1,0
"Ковель","Підприємці у виконкомі",0,1,0
"Олександрія","Підприємці у виконкомі",0.5,1,50
"Ніжин","Підприємці у виконкомі",0,1,0
"Лубни","Підприємці у виконкомі",0,1,0
"Охтирка","Підприємці у виконкомі",0,1,0
"Хмельницький","Підприємці у виконкомі",0.75,1,75
"Бровари","Підприємці у виконкомі",1,1,100
"Жмеринка","Підприємці у виконкомі",0,1,0
"Миколаїв","Підприємці у виконкомі",0,1,0
"Лисичанськ","Підприємці у виконкомі",0,1,0
"Слов'янськ","Підприємці у виконкомі",0,1,0
"Білгород Дністровський","Підприємці у виконкомі",0.5,1,50
"Дубно","Підприємці у виконкомі",0,1,0
"Мелітополь","Підприємці у виконкомі",0,1,0
"Шепетівка","Підприємці у виконкомі",0,1,0
"Чернівці","Підприємці у виконкомі",0.75,1,75
"Херсон","Підприємці у виконкомі",0,1,0
"Лиман","Підприємці у виконкомі",0,1,0
"Лозова","Підприємці у виконкомі",0,1,0
"Каховка","Підприємці у виконкомі",0,1,0
"Мукачево","Підприємці у виконкомі",0,1,0
"Кременчук","Підприємці у виконкомі",0.75,1,75
"Южноукраїнськ","Підприємці у виконкомі",0.25,1,25
"Покров","Підприємці у виконкомі",0,1,0
"Рубіжне","Підприємці у виконкомі",0,1,0
"Фастів","Підприємці у виконкомі",0,1,0
"Сміла","Підприємці у виконкомі",0,1,0
"Світловодськ","Підприємці у виконкомі",0,1,0
"Нетішин","Підприємці у виконкомі",0,1,0
"Подільськ","Підприємці у виконкомі",0,1,0
"Горішні Плавні","Підприємці у виконкомі",0,1,0
"Ірпінь","Підприємці у виконкомі",0,1,0
"Червоноград","Підприємці у виконкомі",0,1,0
"Чорноморськ","Підприємці у виконкомі",0,1,0
"Харків","Підприємці у виконкомі",0.25,1,25
"Бердичів","Підприємці у виконкомі",0,1,0
"Славута","Підприємці у виконкомі",0,1,0
"Старокостянтинів","Підприємці у виконкомі",0,1,0
"Боярка","Підприємці у виконкомі",0,1,0
"Костянтинівка","Підприємці у виконкомі",0,1,0
"Жовті Води","Підприємці у виконкомі",0,1,0
"Ізюм","Підприємці у виконкомі",0,1,0
"Мирноград","Підприємці у виконкомі",0,1,0
"Самбір","Підприємці у виконкомі",0.25,1,25
"Новоград-Волинський","Підприємці у виконкомі",0,1,0
"Конотоп","Підприємці у виконкомі",0,1,0
"Павлоград","Підприємці у виконкомі",0,1,0
"Шостка","Підприємці у виконкомі",0,1,0
"Васильків","Підприємці у виконкомі",0,1,0
"Вараш","Підприємці у виконкомі",0,1,0
"Марганець","Підприємці у виконкомі",0,1,0
"Полтава","Підприємці у виконкомі",0,1,0
"Куп'янськ","Підприємці у виконкомі",0,1,0
"Нова Каховка","Підприємці у виконкомі",0,1,0
"Нововолинськ","Підприємці у виконкомі",0,1,0
"Стрий","Підприємці у виконкомі",0,1,0
"Вишневе","Підприємці у виконкомі",0.25,1,25
"Кривий Ріг","Підприємці у виконкомі",0,1,0
"Черкаси","Підприємці у виконкомі",0,1,0
"Прилуки","Підприємці у виконкомі",0,1,0
"Умань","Підприємці у виконкомі",0,1,0
"Покровськ","Підприємці у виконкомі",0,1,0
"Дунаївці","Підприємці у виконкомі",0,1,0
"Новомосковськ","Підприємці у виконкомі",0,1,0
"Івано-Франківськ","Питання конфлікту інтересів",1,1,100
"Київ","Питання конфлікту інтересів",0,1,0
"Вінниця","Питання конфлікту інтересів",0,1,0
"Львів","Питання конфлікту інтересів",0,1,0
"Біла Церква","Питання конфлікту інтересів",0,1,0
"Одеса","Питання конфлікту інтересів",0,1,0
"Дружківка","Питання конфлікту інтересів",0,1,0
"Бердянськ","Питання конфлікту інтересів",0,1,0
"Серєродонецьк","Питання конфлікту інтересів",1,1,100
"Суми","Питання конфлікту інтересів",1,1,100
"Володимир Волинський","Питання конфлікту інтересів",0,1,0
"Рівне","Питання конфлікту інтересів",0,1,0
"Ізмаїл","Питання конфлікту інтересів",0,1,0
"Запоріжжя","Питання конфлікту інтересів",0,1,0
"Кам'янське","Питання конфлікту інтересів",1,1,100
"Дрогобич","Питання конфлікту інтересів",0,1,0
"Коростень","Питання конфлікту інтересів",0,1,0
"Тернопіль","Питання конфлікту інтересів",1,1,100
"Краматорськ","Питання конфлікту інтересів",0,1,0
"Коломия","Питання конфлікту інтересів",0,1,0
"Житомир","Питання конфлікту інтересів",0,1,0
"Калуш","Питання конфлікту інтересів",0,1,0
"Луцьк","Питання конфлікту інтересів",0,1,0
"Нікополь","Питання конфлікту інтересів",1,1,100
"Ужгород","Питання конфлікту інтересів",1,1,100
"Бахмут","Питання конфлікту інтересів",1,1,100
"Дніпро","Питання конфлікту інтересів",0,1,0
"Енергодар","Питання конфлікту інтересів",0,1,0
"Кропивницький","Питання конфлікту інтересів",0,1,0
"Чернігів","Питання конфлікту інтересів",1,1,100
"Ромни","Питання конфлікту інтересів",0,1,0
"Бориспіль","Питання конфлікту інтересів",0,1,0
"Миргород","Питання конфлікту інтересів",0,1,0
"Маріуполь","Питання конфлікту інтересів",0,1,0
"Первомайськ","Питання конфлікту інтересів",0,1,0
"Кам'янець-Подільський","Питання конфлікту інтересів",0,1,0
"Ковель","Питання конфлікту інтересів",1,1,100
"Олександрія","Питання конфлікту інтересів",1,1,100
"Ніжин","Питання конфлікту інтересів",1,1,100
"Лубни","Питання конфлікту інтересів",0,1,0
"Охтирка","Питання конфлікту інтересів",0,1,0
"Хмельницький","Питання конфлікту інтересів",0,1,0
"Бровари","Питання конфлікту інтересів",1,1,100
"Жмеринка","Питання конфлікту інтересів",1,1,100
"Миколаїв","Питання конфлікту інтересів",0,1,0
"Лисичанськ","Питання конфлікту інтересів",0,1,0
"Слов'янськ","Питання конфлікту інтересів",0,1,0
"Білгород Дністровський","Питання конфлікту інтересів",0,1,0
"Дубно","Питання конфлікту інтересів",0,1,0
"Мелітополь","Питання конфлікту інтересів",0,1,0
"Шепетівка","Питання конфлікту інтересів",1,1,100
"Чернівці","Питання конфлікту інтересів",0,1,0
"Херсон","Питання конфлікту інтересів",0,1,0
"Лиман","Питання конфлікту інтересів",0,1,0
"Лозова","Питання конфлікту інтересів",1,1,100
"Каховка","Питання конфлікту інтересів",1,1,100
"Мукачево","Питання конфлікту інтересів",1,1,100
"Кременчук","Питання конфлікту інтересів",1,1,100
"Южноукраїнськ","Питання конфлікту інтересів",1,1,100
"Покров","Питання конфлікту інтересів",1,1,100
"Рубіжне","Питання конфлікту інтересів",0,1,0
"Фастів","Питання конфлікту інтересів",0,1,0
"Сміла","Питання конфлікту інтересів",0,1,0
"Світловодськ","Питання конфлікту інтересів",1,1,100
"Нетішин","Питання конфлікту інтересів",1,1,100
"Подільськ","Питання конфлікту інтересів",1,1,100
"Горішні Плавні","Питання конфлікту інтересів",0,1,0
"Ірпінь","Питання конфлікту інтересів",0,1,0
"Червоноград","Питання конфлікту інтересів",0,1,0
"Чорноморськ","Питання конфлікту інтересів",0,1,0
"Харків","Питання конфлікту інтересів",0,1,0
"Бердичів","Питання конфлікту інтересів",0,1,0
"Славута","Питання конфлікту інтересів",0,1,0
"Старокостянтинів","Питання конфлікту інтересів",0,1,0
"Боярка","Питання конфлікту інтересів",0,1,0
"Костянтинівка","Питання конфлікту інтересів",0,1,0
"Жовті Води","Питання конфлікту інтересів",0,1,0
"Ізюм","Питання конфлікту інтересів",0,1,0
"Мирноград","Питання конфлікту інтересів",1,1,100
"Самбір","Питання конфлікту інтересів",0,1,0
"Новоград-Волинський","Питання конфлікту інтересів",1,1,100
"Конотоп","Питання конфлікту інтересів",0,1,0
"Павлоград","Питання конфлікту інтересів",0,1,0
"Шостка","Питання конфлікту інтересів",0,1,0
"Васильків","Питання конфлікту інтересів",0,1,0
"Вараш","Питання конфлікту інтересів",0,1,0
"Марганець","Питання конфлікту інтересів",0,1,0
"Полтава","Питання конфлікту інтересів",0,1,0
"Куп'янськ","Питання конфлікту інтересів",0,1,0
"Нова Каховка","Питання конфлікту інтересів",1,1,100
"Нововолинськ","Питання конфлікту інтересів",0,1,0
"Стрий","Питання конфлікту інтересів",0,1,0
"Вишневе","Питання конфлікту інтересів",0,1,0
"Кривий Ріг","Питання конфлікту інтересів",0,1,0
"Черкаси","Питання конфлікту інтересів",0,1,0
"Прилуки","Питання конфлікту інтересів",0,1,0
"Умань","Питання конфлікту інтересів",0,1,0
"Покровськ","Питання конфлікту інтересів",0,1,0
"Дунаївці","Питання конфлікту інтересів",0,1,0
"Новомосковськ","Питання конфлікту інтересів",0,1,0
"Івано-Франківськ","Підключення до regulation gov ua",0,1,0
"Київ","Підключення до regulation gov ua",0,1,0
"Вінниця","Підключення до regulation gov ua",1,1,100
"Львів","Підключення до regulation gov ua",0,1,0
"Біла Церква","Підключення до regulation gov ua",0,1,0
"Одеса","Підключення до regulation gov ua",0,1,0
"Дружківка","Підключення до regulation gov ua",0,1,0
"Бердянськ","Підключення до regulation gov ua",0,1,0
"Серєродонецьк","Підключення до regulation gov ua",0,1,0
"Суми","Підключення до regulation gov ua",0,1,0
"Володимир Волинський","Підключення до regulation gov ua",0,1,0
"Рівне","Підключення до regulation gov ua",0,1,0
"Ізмаїл","Підключення до regulation gov ua",0,1,0
"Запоріжжя","Підключення до regulation gov ua",0,1,0
"Кам'янське","Підключення до regulation gov ua",0,1,0
"Дрогобич","Підключення до regulation gov ua",0,1,0
"Коростень","Підключення до regulation gov ua",0,1,0
"Тернопіль","Підключення до regulation gov ua",0,1,0
"Краматорськ","Підключення до regulation gov ua",0,1,0
"Коломия","Підключення до regulation gov ua",0,1,0
"Житомир","Підключення до regulation gov ua",1,1,100
"Калуш","Підключення до regulation gov ua",0,1,0
"Луцьк","Підключення до regulation gov ua",0,1,0
"Нікополь","Підключення до regulation gov ua",0,1,0
"Ужгород","Підключення до regulation gov ua",0,1,0
"Бахмут","Підключення до regulation gov ua",0,1,0
"Дніпро","Підключення до regulation gov ua",0,1,0
"Енергодар","Підключення до regulation gov ua",0,1,0
"Кропивницький","Підключення до regulation gov ua",0,1,0
"Чернігів","Підключення до regulation gov ua",0,1,0
"Ромни","Підключення до regulation gov ua",0,1,0
"Бориспіль","Підключення до regulation gov ua",0,1,0
"Миргород","Підключення до regulation gov ua",0,1,0
"Маріуполь","Підключення до regulation gov ua",0,1,0
"Первомайськ","Підключення до regulation gov ua",0,1,0
"Кам'янець-Подільський","Підключення до regulation gov ua",0,1,0
"Ковель","Підключення до regulation gov ua",0,1,0
"Олександрія","Підключення до regulation gov ua",0,1,0
"Ніжин","Підключення до regulation gov ua",0,1,0
"Лубни","Підключення до regulation gov ua",0,1,0
"Охтирка","Підключення до regulation gov ua",0,1,0
"Хмельницький","Підключення до regulation gov ua",0,1,0
"Бровари","Підключення до regulation gov ua",0,1,0
"Жмеринка","Підключення до regulation gov ua",0,1,0
"Миколаїв","Підключення до regulation gov ua",0,1,0
"Лисичанськ","Підключення до regulation gov ua",0,1,0
"Слов'янськ","Підключення до regulation gov ua",0,1,0
"Білгород Дністровський","Підключення до regulation gov ua",0,1,0
"Дубно","Підключення до regulation gov ua",0,1,0
"Мелітополь","Підключення до regulation gov ua",0,1,0
"Шепетівка","Підключення до regulation gov ua",0,1,0
"Чернівці","Підключення до regulation gov ua",0,1,0
"Херсон","Підключення до regulation gov ua",0,1,0
"Лиман","Підключення до regulation gov ua",0,1,0
"Лозова","Підключення до regulation gov ua",0,1,0
"Каховка","Підключення до regulation gov ua",0,1,0
"Мукачево","Підключення до regulation gov ua",0,1,0
"Кременчук","Підключення до regulation gov ua",0,1,0
"Южноукраїнськ","Підключення до regulation gov ua",0,1,0
"Покров","Підключення до regulation gov ua",0,1,0
"Рубіжне","Підключення до regulation gov ua",0,1,0
"Фастів","Підключення до regulation gov ua",0,1,0
"Сміла","Підключення до regulation gov ua",0,1,0
"Світловодськ","Підключення до regulation gov ua",0,1,0
"Нетішин","Підключення до regulation gov ua",0,1,0
"Подільськ","Підключення до regulation gov ua",0,1,0
"Горішні Плавні","Підключення до regulation gov ua",0,1,0
"Ірпінь","Підключення до regulation gov ua",0,1,0
"Червоноград","Підключення до regulation gov ua",0,1,0
"Чорноморськ","Підключення до regulation gov ua",0,1,0
"Харків","Підключення до regulation gov ua",0,1,0
"Бердичів","Підключення до regulation gov ua",0,1,0
"Славута","Підключення до regulation gov ua",0,1,0
"Старокостянтинів","Підключення до regulation gov ua",0,1,0
"Боярка","Підключення до regulation gov ua",0,1,0
"Костянтинівка","Підключення до regulation gov ua",0,1,0
"Жовті Води","Підключення до regulation gov ua",0,1,0
"Ізюм","Підключення до regulation gov ua",0,1,0
"Мирноград","Підключення до regulation gov ua",0,1,0
"Самбір","Підключення до regulation gov ua",0,1,0
"Новоград-Волинський","Підключення до regulation gov ua",0,1,0
"Конотоп","Підключення до regulation gov ua",0,1,0
"Павлоград","Підключення до regulation gov ua",0,1,0
"Шостка","Підключення до regulation gov ua",0,1,0
"Васильків","Підключення до regulation gov ua",0,1,0
"Вараш","Підключення до regulation gov ua",0,1,0
"Марганець","Підключення до regulation gov ua",0,1,0
"Полтава","Підключення до regulation gov ua",0,1,0
"Куп'янськ","Підключення до regulation gov ua",0,1,0
"Нова Каховка","Підключення до regulation gov ua",0,1,0
"Нововолинськ","Підключення до regulation gov ua",0,1,0
"Стрий","Підключення до regulation gov ua",0,1,0
"Вишневе","Підключення до regulation gov ua",0,1,0
"Кривий Ріг","Підключення до regulation gov ua",0,1,0
"Черкаси","Підключення до regulation gov ua",0,1,0
"Прилуки","Підключення до regulation gov ua",0,1,0
"Умань","Підключення до regulation gov ua",0,1,0
"Покровськ","Підключення до regulation gov ua",0,1,0
"Дунаївці","Підключення до regulation gov ua",0,1,0
"Новомосковськ","Підключення до regulation gov ua",0,1,0
"Івано-Франківськ","Геопортал",1,1,100
"Київ","Геопортал",1,1,100
"Вінниця","Геопортал",1,1,100
"Львів","Геопортал",1,1,100
"Біла Церква","Геопортал",0,1,0
"Одеса","Геопортал",1,1,100
"Дружківка","Геопортал",0,1,0
"Бердянськ","Геопортал",0,1,0
"Серєродонецьк","Геопортал",0,1,0
"Суми","Геопортал",1,1,100
"Володимир Волинський","Геопортал",0,1,0
"Рівне","Геопортал",1,1,100
"Ізмаїл","Геопортал",0,1,0
"Запоріжжя","Геопортал",0,1,0
"Кам'янське","Геопортал",0,1,0
"Дрогобич","Геопортал",1,1,100
"Коростень","Геопортал",0,1,0
"Тернопіль","Геопортал",0,1,0
"Краматорськ","Геопортал",0,1,0
"Коломия","Геопортал",1,1,100
"Житомир","Геопортал",0,1,0
"Калуш","Геопортал",0,1,0
"Луцьк","Геопортал",1,1,100
"Нікополь","Геопортал",0,1,0
"Ужгород","Геопортал",0,1,0
"Бахмут","Геопортал",0,1,0
"Дніпро","Геопортал",0,1,0
"Енергодар","Геопортал",0,1,0
"Кропивницький","Геопортал",0,1,0
"Чернігів","Геопортал",0,1,0
"Ромни","Геопортал",0,1,0
"Бориспіль","Геопортал",0,1,0
"Миргород","Геопортал",0,1,0
"Маріуполь","Геопортал",1,1,100
"Первомайськ","Геопортал",0,1,0
"Кам'янець-Подільський","Геопортал",0,1,0
"Ковель","Геопортал",0,1,0
"Олександрія","Геопортал",0,1,0
"Ніжин","Геопортал",0,1,0
"Лубни","Геопортал",0,1,0
"Охтирка","Геопортал",0,1,0
"Хмельницький","Геопортал",0,1,0
"Бровари","Геопортал",0,1,0
"Жмеринка","Геопортал",0,1,0
"Миколаїв","Геопортал",0,1,0
"Лисичанськ","Геопортал",0,1,0
"Слов'янськ","Геопортал",0,1,0
"Білгород Дністровський","Геопортал",0,1,0
"Дубно","Геопортал",0,1,0
"Мелітополь","Геопортал",0,1,0
"Шепетівка","Геопортал",0,1,0
"Чернівці","Геопортал",1,1,100
"Херсон","Геопортал",0,1,0
"Лиман","Геопортал",0,1,0
"Лозова","Геопортал",0,1,0
"Каховка","Геопортал",0,1,0
"Мукачево","Геопортал",0,1,0
"Кременчук","Геопортал",0,1,0
"Южноукраїнськ","Геопортал",0,1,0
"Покров","Геопортал",1,1,100
"Рубіжне","Геопортал",0,1,0
"Фастів","Геопортал",0,1,0
"Сміла","Геопортал",0,1,0
"Світловодськ","Геопортал",0,1,0
"Нетішин","Геопортал",0,1,0
"Подільськ","Геопортал",0,1,0
"Горішні Плавні","Геопортал",1,1,100
"Ірпінь","Геопортал",1,1,100
"Червоноград","Геопортал",1,1,100
"Чорноморськ","Геопортал",0,1,0
"Харків","Геопортал",0,1,0
"Бердичів","Геопортал",0,1,0
"Славута","Геопортал",0,1,0
"Старокостянтинів","Геопортал",0,1,0
"Боярка","Геопортал",0,1,0
"Костянтинівка","Геопортал",0,1,0
"Жовті Води","Геопортал",0,1,0
"Ізюм","Геопортал",0,1,0
"Мирноград","Геопортал",0,1,0
"Самбір","Геопортал",0,1,0
"Новоград-Волинський","Геопортал",0,1,0
"Конотоп","Геопортал",0,1,0
"Павлоград","Геопортал",0,1,0
"Шостка","Геопортал",0,1,0
"Васильків","Геопортал",0,1,0
"Вараш","Геопортал",0,1,0
"Марганець","Геопортал",0,1,0
"Полтава","Геопортал",0,1,0
"Куп'янськ","Геопортал",0,1,0
"Нова Каховка","Геопортал",0,1,0
"Нововолинськ","Геопортал",0,1,0
"Стрий","Геопортал",0,1,0
"Вишневе","Геопортал",0,1,0
"Кривий Ріг","Геопортал",0,1,0
"Черкаси","Геопортал",0,1,0
"Прилуки","Геопортал",0,1,0
"Умань","Геопортал",0,1,0
"Покровськ","Геопортал",0,1,0
"Дунаївці","Геопортал",0,1,0
"Новомосковськ","Геопортал",0,1,0
"Івано-Франківськ","Інженерні мережі",1,1,100
"Київ","Інженерні мережі",0,1,0
"Вінниця","Інженерні мережі",0,1,0
"Львів","Інженерні мережі",1,1,100
"Біла Церква","Інженерні мережі",0,1,0
"Одеса","Інженерні мережі",0,1,0
"Дружківка","Інженерні мережі",1,1,100
"Бердянськ","Інженерні мережі",0,1,0
"Серєродонецьк","Інженерні мережі",1,1,100
"Суми","Інженерні мережі",0,1,0
"Володимир Волинський","Інженерні мережі",1,1,100
"Рівне","Інженерні мережі",0,1,0
"Ізмаїл","Інженерні мережі",1,1,100
"Запоріжжя","Інженерні мережі",0,1,0
"Кам'янське","Інженерні мережі",0,1,0
"Дрогобич","Інженерні мережі",1,1,100
"Коростень","Інженерні мережі",1,1,100
"Тернопіль","Інженерні мережі",0,1,0
"Краматорськ","Інженерні мережі",0,1,0
"Коломия","Інженерні мережі",0,1,0
"Житомир","Інженерні мережі",0,1,0
"Калуш","Інженерні мережі",1,1,100
"Луцьк","Інженерні мережі",0,1,0
"Нікополь","Інженерні мережі",0,1,0
"Ужгород","Інженерні мережі",0,1,0
"Бахмут","Інженерні мережі",1,1,100
"Дніпро","Інженерні мережі",1,1,100
"Енергодар","Інженерні мережі",1,1,100
"Кропивницький","Інженерні мережі",0,1,0
"Чернігів","Інженерні мережі",1,1,100
"Ромни","Інженерні мережі",1,1,100
"Бориспіль","Інженерні мережі",1,1,100
"Миргород","Інженерні мережі",0,1,0
"Маріуполь","Інженерні мережі",1,1,100
"Первомайськ","Інженерні мережі",1,1,100
"Кам'янець-Подільський","Інженерні мережі",0,1,0
"Ковель","Інженерні мережі",1,1,100
"Олександрія","Інженерні мережі",1,1,100
"Ніжин","Інженерні мережі",1,1,100
"Лубни","Інженерні мережі",1,1,100
"Охтирка","Інженерні мережі",0,1,0
"Хмельницький","Інженерні мережі",1,1,100
"Бровари","Інженерні мережі",0,1,0
"Жмеринка","Інженерні мережі",1,1,100
"Миколаїв","Інженерні мережі",1,1,100
"Лисичанськ","Інженерні мережі",0,1,0
"Слов'янськ","Інженерні мережі",0,1,0
"Білгород Дністровський","Інженерні мережі",0,1,0
"Дубно","Інженерні мережі",1,1,100
"Мелітополь","Інженерні мережі",0,1,0
"Шепетівка","Інженерні мережі",0,1,0
"Чернівці","Інженерні мережі",0,1,0
"Херсон","Інженерні мережі",0,1,0
"Лиман","Інженерні мережі",0,1,0
"Лозова","Інженерні мережі",0,1,0
"Каховка","Інженерні мережі",0,1,0
"Мукачево","Інженерні мережі",0,1,0
"Кременчук","Інженерні мережі",0,1,0
"Южноукраїнськ","Інженерні мережі",0,1,0
"Покров","Інженерні мережі",0,1,0
"Рубіжне","Інженерні мережі",1,1,100
"Фастів","Інженерні мережі",0,1,0
"Сміла","Інженерні мережі",0,1,0
"Світловодськ","Інженерні мережі",0,1,0
"Нетішин","Інженерні мережі",0,1,0
"Подільськ","Інженерні мережі",0,1,0
"Горішні Плавні","Інженерні мережі",0,1,0
"Ірпінь","Інженерні мережі",0,1,0
"Червоноград","Інженерні мережі",1,1,100
"Чорноморськ","Інженерні мережі",0,1,0
"Харків","Інженерні мережі",0,1,0
"Бердичів","Інженерні мережі",0,1,0
"Славута","Інженерні мережі",0,1,0
"Старокостянтинів","Інженерні мережі",0,1,0
"Боярка","Інженерні мережі",0,1,0
"Костянтинівка","Інженерні мережі",0,1,0
"Жовті Води","Інженерні мережі",0,1,0
"Ізюм","Інженерні мережі",0,1,0
"Мирноград","Інженерні мережі",0,1,0
"Самбір","Інженерні мережі",0,1,0
"Новоград-Волинський","Інженерні мережі",0,1,0
"Конотоп","Інженерні мережі",0,1,0
"Павлоград","Інженерні мережі",0,1,0
"Шостка","Інженерні мережі",0,1,0
"Васильків","Інженерні мережі",0,1,0
"Вараш","Інженерні мережі",0,1,0
"Марганець","Інженерні мережі",0,1,0
"Полтава","Інженерні мережі",0,1,0
"Куп'янськ","Інженерні мережі",0,1,0
"Нова Каховка","Інженерні мережі",0,1,0
"Нововолинськ","Інженерні мережі",0,1,0
"Стрий","Інженерні мережі",0,1,0
"Вишневе","Інженерні мережі",0,1,0
"Кривий Ріг","Інженерні мережі",0,1,0
"Черкаси","Інженерні мережі",0,1,0
"Прилуки","Інженерні мережі",0,1,0
"Умань","Інженерні мережі",0,1,0
"Покровськ","Інженерні мережі",0,1,0
"Дунаївці","Інженерні мережі",0,1,0
"Новомосковськ","Інженерні мережі",0,1,0
"Івано-Франківськ","Співпраця з міжнародними організаціями",1,1,100
"Київ","Співпраця з міжнародними організаціями",1,1,100
"Вінниця","Співпраця з міжнародними організаціями",1,1,100
"Львів","Співпраця з міжнародними організаціями",1,1,100
"Біла Церква","Співпраця з міжнародними організаціями",0,1,0
"Одеса","Співпраця з міжнародними організаціями",1,1,100
"Дружківка","Співпраця з міжнародними організаціями",1,1,100
"Бердянськ","Співпраця з міжнародними організаціями",1,1,100
"Серєродонецьк","Співпраця з міжнародними організаціями",1,1,100
"Суми","Співпраця з міжнародними організаціями",1,1,100
"Володимир Волинський","Співпраця з міжнародними організаціями",0,1,0
"Рівне","Співпраця з міжнародними організаціями",1,1,100
"Ізмаїл","Співпраця з міжнародними організаціями",1,1,100
"Запоріжжя","Співпраця з міжнародними організаціями",1,1,100
"Кам'янське","Співпраця з міжнародними організаціями",0,1,0
"Дрогобич","Співпраця з міжнародними організаціями",1,1,100
"Коростень","Співпраця з міжнародними організаціями",1,1,100
"Тернопіль","Співпраця з міжнародними організаціями",0,1,0
"Краматорськ","Співпраця з міжнародними організаціями",1,1,100
"Коломия","Співпраця з міжнародними організаціями",0,1,0
"Житомир","Співпраця з міжнародними організаціями",0,1,0
"Калуш","Співпраця з міжнародними організаціями",1,1,100
"Луцьк","Співпраця з міжнародними організаціями",1,1,100
"Нікополь","Співпраця з міжнародними організаціями",1,1,100
"Ужгород","Співпраця з міжнародними організаціями",0,1,0
"Бахмут","Співпраця з міжнародними організаціями",1,1,100
"Дніпро","Співпраця з міжнародними організаціями",0,1,0
"Енергодар","Співпраця з міжнародними організаціями",1,1,100
"Кропивницький","Співпраця з міжнародними організаціями",0,1,0
"Чернігів","Співпраця з міжнародними організаціями",0,1,0
"Ромни","Співпраця з міжнародними організаціями",1,1,100
"Бориспіль","Співпраця з міжнародними організаціями",0,1,0
"Миргород","Співпраця з міжнародними організаціями",1,1,100
"Маріуполь","Співпраця з міжнародними організаціями",1,1,100
"Первомайськ","Співпраця з міжнародними організаціями",0,1,0
"Кам'янець-Подільський","Співпраця з міжнародними організаціями",0,1,0
"Ковель","Співпраця з міжнародними організаціями",0,1,0
"Олександрія","Співпраця з міжнародними організаціями",0,1,0
"Ніжин","Співпраця з міжнародними організаціями",1,1,100
"Лубни","Співпраця з міжнародними організаціями",0,1,0
"Охтирка","Співпраця з міжнародними організаціями",0,1,0
"Хмельницький","Співпраця з міжнародними організаціями",1,1,100
"Бровари","Співпраця з міжнародними організаціями",0,1,0
"Жмеринка","Співпраця з міжнародними організаціями",0,1,0
"Миколаїв","Співпраця з міжнародними організаціями",0,1,0
"Лисичанськ","Співпраця з міжнародними організаціями",0,1,0
"Слов'янськ","Співпраця з міжнародними організаціями",1,1,100
"Білгород Дністровський","Співпраця з міжнародними організаціями",0,1,0
"Дубно","Співпраця з міжнародними організаціями",0,1,0
"Мелітополь","Співпраця з міжнародними організаціями",1,1,100
"Шепетівка","Співпраця з міжнародними організаціями",0,1,0
"Чернівці","Співпраця з міжнародними організаціями",0,1,0
"Херсон","Співпраця з міжнародними організаціями",0,1,0
"Лиман","Співпраця з міжнародними організаціями",0,1,0
"Лозова","Співпраця з міжнародними організаціями",0,1,0
"Каховка","Співпраця з міжнародними організаціями",0,1,0
"Мукачево","Співпраця з міжнародними організаціями",0,1,0
"Кременчук","Співпраця з міжнародними організаціями",0,1,0
"Южноукраїнськ","Співпраця з міжнародними організаціями",0,1,0
"Покров","Співпраця з міжнародними організаціями",0,1,0
"Рубіжне","Співпраця з міжнародними організаціями",1,1,100
"Фастів","Співпраця з міжнародними організаціями",0,1,0
"Сміла","Співпраця з міжнародними організаціями",0,1,0
"Світловодськ","Співпраця з міжнародними організаціями",0,1,0
"Нетішин","Співпраця з міжнародними організаціями",0,1,0
"Подільськ","Співпраця з міжнародними організаціями",0,1,0
"Горішні Плавні","Співпраця з міжнародними організаціями",0,1,0
"Ірпінь","Співпраця з міжнародними організаціями",0,1,0
"Червоноград","Співпраця з міжнародними організаціями",0,1,0
"Чорноморськ","Співпраця з міжнародними організаціями",0,1,0
"Харків","Співпраця з міжнародними організаціями",0,1,0
"Бердичів","Співпраця з міжнародними організаціями",0,1,0
"Славута","Співпраця з міжнародними організаціями",0,1,0
"Старокостянтинів","Співпраця з міжнародними організаціями",0,1,0
"Боярка","Співпраця з міжнародними організаціями",0,1,0
"Костянтинівка","Співпраця з міжнародними організаціями",0,1,0
"Жовті Води","Співпраця з міжнародними організаціями",0,1,0
"Ізюм","Співпраця з міжнародними організаціями",0,1,0
"Мирноград","Співпраця з міжнародними організаціями",0,1,0
"Самбір","Співпраця з міжнародними організаціями",0,1,0
"Новоград-Волинський","Співпраця з міжнародними організаціями",0,1,0
"Конотоп","Співпраця з міжнародними організаціями",1,1,100
"Павлоград","Співпраця з міжнародними організаціями",0,1,0
"Шостка","Співпраця з міжнародними організаціями",0,1,0
"Васильків","Співпраця з міжнародними організаціями",0,1,0
"Вараш","Співпраця з міжнародними організаціями",0,1,0
"Марганець","Співпраця з міжнародними організаціями",0,1,0
"Полтава","Співпраця з міжнародними організаціями",0,1,0
"Куп'янськ","Співпраця з міжнародними організаціями",0,1,0
"Нова Каховка","Співпраця з міжнародними організаціями",0,1,0
"Нововолинськ","Співпраця з міжнародними організаціями",1,1,100
"Стрий","Співпраця з міжнародними організаціями",0,1,0
"Вишневе","Співпраця з міжнародними організаціями",0,1,0
"Кривий Ріг","Співпраця з міжнародними організаціями",0,1,0
"Черкаси","Співпраця з міжнародними організаціями",0,1,0
"Прилуки","Співпраця з міжнародними організаціями",0,1,0
"Умань","Співпраця з міжнародними організаціями",0,1,0
"Покровськ","Співпраця з міжнародними організаціями",0,1,0
"Дунаївці","Співпраця з міжнародними організаціями",0,1,0
"Новомосковськ","Співпраця з міжнародними організаціями",0,1,0
"Івано-Франківськ","Кредитний рейтинг",1,1,100
"Київ","Кредитний рейтинг",1,1,100
"Вінниця","Кредитний рейтинг",1,1,100
"Львів","Кредитний рейтинг",1,1,100
"Біла Церква","Кредитний рейтинг",1,1,100
"Одеса","Кредитний рейтинг",1,1,100
"Дружківка","Кредитний рейтинг",0,1,0
"Бердянськ","Кредитний рейтинг",0,1,0
"Серєродонецьк","Кредитний рейтинг",0,1,0
"Суми","Кредитний рейтинг",1,1,100
"Володимир Волинський","Кредитний рейтинг",0,1,0
"Рівне","Кредитний рейтинг",0,1,0
"Ізмаїл","Кредитний рейтинг",0,1,0
"Запоріжжя","Кредитний рейтинг",0,1,0
"Кам'янське","Кредитний рейтинг",0,1,0
"Дрогобич","Кредитний рейтинг",0,1,0
"Коростень","Кредитний рейтинг",0,1,0
"Тернопіль","Кредитний рейтинг",1,1,100
"Краматорськ","Кредитний рейтинг",0,1,0
"Коломия","Кредитний рейтинг",0,1,0
"Житомир","Кредитний рейтинг",0,1,0
"Калуш","Кредитний рейтинг",0,1,0
"Луцьк","Кредитний рейтинг",0,1,0
"Нікополь","Кредитний рейтинг",0,1,0
"Ужгород","Кредитний рейтинг",1,1,100
"Бахмут","Кредитний рейтинг",0,1,0
"Дніпро","Кредитний рейтинг",0,1,0
"Енергодар","Кредитний рейтинг",1,1,100
"Кропивницький","Кредитний рейтинг",1,1,100
"Чернігів","Кредитний рейтинг",1,1,100
"Ромни","Кредитний рейтинг",0,1,0
"Бориспіль","Кредитний рейтинг",1,1,100
"Миргород","Кредитний рейтинг",0,1,0
"Маріуполь","Кредитний рейтинг",0,1,0
"Первомайськ","Кредитний рейтинг",0,1,0
"Кам'янець-Подільський","Кредитний рейтинг",0,1,0
"Ковель","Кредитний рейтинг",0,1,0
"Олександрія","Кредитний рейтинг",0,1,0
"Ніжин","Кредитний рейтинг",0,1,0
"Лубни","Кредитний рейтинг",0,1,0
"Охтирка","Кредитний рейтинг",0,1,0
"Хмельницький","Кредитний рейтинг",0,1,0
"Бровари","Кредитний рейтинг",0,1,0
"Жмеринка","Кредитний рейтинг",0,1,0
"Миколаїв","Кредитний рейтинг",1,1,100
"Лисичанськ","Кредитний рейтинг",0,1,0
"Слов'янськ","Кредитний рейтинг",0,1,0
"Білгород Дністровський","Кредитний рейтинг",0,1,0
"Дубно","Кредитний рейтинг",0,1,0
"Мелітополь","Кредитний рейтинг",0,1,0
"Шепетівка","Кредитний рейтинг",0,1,0
"Чернівці","Кредитний рейтинг",0,1,0
"Херсон","Кредитний рейтинг",0,1,0
"Лиман","Кредитний рейтинг",0,1,0
"Лозова","Кредитний рейтинг",0,1,0
"Каховка","Кредитний рейтинг",0,1,0
"Мукачево","Кредитний рейтинг",0,1,0
"Кременчук","Кредитний рейтинг",0,1,0
"Южноукраїнськ","Кредитний рейтинг",0,1,0
"Покров","Кредитний рейтинг",0,1,0
"Рубіжне","Кредитний рейтинг",0,1,0
"Фастів","Кредитний рейтинг",0,1,0
"Сміла","Кредитний рейтинг",0,1,0
"Світловодськ","Кредитний рейтинг",0,1,0
"Нетішин","Кредитний рейтинг",0,1,0
"Подільськ","Кредитний рейтинг",0,1,0
"Горішні Плавні","Кредитний рейтинг",0,1,0
"Ірпінь","Кредитний рейтинг",0,1,0
"Червоноград","Кредитний рейтинг",0,1,0
"Чорноморськ","Кредитний рейтинг",0,1,0
"Харків","Кредитний рейтинг",1,1,100
"Бердичів","Кредитний рейтинг",0,1,0
"Славута","Кредитний рейтинг",0,1,0
"Старокостянтинів","Кредитний рейтинг",0,1,0
"Боярка","Кредитний рейтинг",0,1,0
"Костянтинівка","Кредитний рейтинг",0,1,0
"Жовті Води","Кредитний рейтинг",0,1,0
"Ізюм","Кредитний рейтинг",0,1,0
"Мирноград","Кредитний рейтинг",0,1,0
"Самбір","Кредитний рейтинг",0,1,0
"Новоград-Волинський","Кредитний рейтинг",0,1,0
"Конотоп","Кредитний рейтинг",0,1,0
"Павлоград","Кредитний рейтинг",0,1,0
"Шостка","Кредитний рейтинг",0,1,0
"Васильків","Кредитний рейтинг",0,1,0
"Вараш","Кредитний рейтинг",0,1,0
"Марганець","Кредитний рейтинг",0,1,0
"Полтава","Кредитний рейтинг",0,1,0
"Куп'янськ","Кредитний рейтинг",0,1,0
"Нова Каховка","Кредитний рейтинг",0,1,0
"Нововолинськ","Кредитний рейтинг",0,1,0
"Стрий","Кредитний рейтинг",0,1,0
"Вишневе","Кредитний рейтинг",0,1,0
"Кривий Ріг","Кредитний рейтинг",0,1,0
"Черкаси","Кредитний рейтинг",0,1,0
"Прилуки","Кредитний рейтинг",0,1,0
"Умань","Кредитний рейтинг",0,1,0
"Покровськ","Кредитний рейтинг",0,1,0
"Дунаївці","Кредитний рейтинг",0,1,0
"Новомосковськ","Кредитний рейтинг",0,1,0
"Івано-Франківськ","Виконання стратегії міста",1,1,100
"Київ","Виконання стратегії міста",1,1,100
"Вінниця","Виконання стратегії міста",1,1,100
"Львів","Виконання стратегії міста",1,1,100
"Біла Церква","Виконання стратегії міста",1,1,100
"Одеса","Виконання стратегії міста",1,1,100
"Дружківка","Виконання стратегії міста",1,1,100
"Бердянськ","Виконання стратегії міста",1,1,100
"Серєродонецьк","Виконання стратегії міста",1,1,100
"Суми","Виконання стратегії міста",0,1,0
"Володимир Волинський","Виконання стратегії міста",0,1,0
"Рівне","Виконання стратегії міста",1,1,100
"Ізмаїл","Виконання стратегії міста",1,1,100
"Запоріжжя","Виконання стратегії міста",1,1,100
"Кам'янське","Виконання стратегії міста",1,1,100
"Дрогобич","Виконання стратегії міста",0,1,0
"Коростень","Виконання стратегії міста",1,1,100
"Тернопіль","Виконання стратегії міста",1,1,100
"Краматорськ","Виконання стратегії міста",1,1,100
"Коломия","Виконання стратегії міста",1,1,100
"Житомир","Виконання стратегії міста",0,1,0
"Калуш","Виконання стратегії міста",0,1,0
"Луцьк","Виконання стратегії міста",0,1,0
"Нікополь","Виконання стратегії міста",0,1,0
"Ужгород","Виконання стратегії міста",0,1,0
"Бахмут","Виконання стратегії міста",0,1,0
"Дніпро","Виконання стратегії міста",0,1,0
"Енергодар","Виконання стратегії міста",1,1,100
"Кропивницький","Виконання стратегії міста",0,1,0
"Чернігів","Виконання стратегії міста",1,1,100
"Ромни","Виконання стратегії міста",0,1,0
"Бориспіль","Виконання стратегії міста",0,1,0
"Миргород","Виконання стратегії міста",1,1,100
"Маріуполь","Виконання стратегії міста",0,1,0
"Первомайськ","Виконання стратегії міста",0,1,0
"Кам'янець-Подільський","Виконання стратегії міста",0,1,0
"Ковель","Виконання стратегії міста",0,1,0
"Олександрія","Виконання стратегії міста",0,1,0
"Ніжин","Виконання стратегії міста",0,1,0
"Лубни","Виконання стратегії міста",1,1,100
"Охтирка","Виконання стратегії міста",0,1,0
"Хмельницький","Виконання стратегії міста",0,1,0
"Бровари","Виконання стратегії міста",0,1,0
"Жмеринка","Виконання стратегії міста",0,1,0
"Миколаїв","Виконання стратегії міста",0,1,0
"Лисичанськ","Виконання стратегії міста",0,1,0
"Слов'янськ","Виконання стратегії міста",0,1,0
"Білгород Дністровський","Виконання стратегії міста",0,1,0
"Дубно","Виконання стратегії міста",1,1,100
"Мелітополь","Виконання стратегії міста",0,1,0
"Шепетівка","Виконання стратегії міста",0,1,0
"Чернівці","Виконання стратегії міста",0,1,0
"Херсон","Виконання стратегії міста",0,1,0
"Лиман","Виконання стратегії міста",0,1,0
"Лозова","Виконання стратегії міста",0,1,0
"Каховка","Виконання стратегії міста",0,1,0
"Мукачево","Виконання стратегії міста",0,1,0
"Кременчук","Виконання стратегії міста",1,1,100
"Южноукраїнськ","Виконання стратегії міста",0,1,0
"Покров","Виконання стратегії міста",0,1,0
"Рубіжне","Виконання стратегії міста",0,1,0
"Фастів","Виконання стратегії міста",0,1,0
"Сміла","Виконання стратегії міста",0,1,0
"Світловодськ","Виконання стратегії міста",0,1,0
"Нетішин","Виконання стратегії міста",0,1,0
"Подільськ","Виконання стратегії міста",0,1,0
"Горішні Плавні","Виконання стратегії міста",1,1,100
"Ірпінь","Виконання стратегії міста",0,1,0
"Червоноград","Виконання стратегії міста",0,1,0
"Чорноморськ","Виконання стратегії міста",0,1,0
"Харків","Виконання стратегії міста",0,1,0
"Бердичів","Виконання стратегії міста",0,1,0
"Славута","Виконання стратегії міста",0,1,0
"Старокостянтинів","Виконання стратегії міста",0,1,0
"Боярка","Виконання стратегії міста",0.5,1,50
"Костянтинівка","Виконання стратегії міста",0,1,0
"Жовті Води","Виконання стратегії міста",1,1,100
"Ізюм","Виконання стратегії міста",0,1,0
"Мирноград","Виконання стратегії міста",1,1,100
"Самбір","Виконання стратегії міста",0,1,0
"Новоград-Волинський","Виконання стратегії міста",0,1,0
"Конотоп","Виконання стратегії міста",0,1,0
"Павлоград","Виконання стратегії міста",0,1,0
"Шостка","Виконання стратегії міста",0,1,0
"Васильків","Виконання стратегії міста",0,1,0
"Вараш","Виконання стратегії міста",0,1,0
"Марганець","Виконання стратегії міста",0,1,0
"Полтава","Виконання стратегії міста",0,1,0
"Куп'янськ","Виконання стратегії міста",0,1,0
"Нова Каховка","Виконання стратегії міста",0,1,0
"Нововолинськ","Виконання стратегії міста",0,1,0
"Стрий","Виконання стратегії міста",0,1,0
"Вишневе","Виконання стратегії міста",0,1,0
"Кривий Ріг","Виконання стратегії міста",0,1,0
"Черкаси","Виконання стратегії міста",0,1,0
"Прилуки","Виконання стратегії міста",0,1,0
"Умань","Виконання стратегії міста",0,1,0
"Покровськ","Виконання стратегії міста",0,1,0
"Дунаївці","Виконання стратегії міста",0,1,0
"Новомосковськ","Виконання стратегії міста",0,1,0
"Івано-Франківськ","Програма підтримки підприємництва",1,1,100
"Київ","Програма підтримки підприємництва",1,1,100
"Вінниця","Програма підтримки підприємництва",1,1,100
"Львів","Програма підтримки підприємництва",1,1,100
"Біла Церква","Програма підтримки підприємництва",1,1,100
"Одеса","Програма підтримки підприємництва",1,1,100
"Дружківка","Програма підтримки підприємництва",1,1,100
"Бердянськ","Програма підтримки підприємництва",0,1,0
"Серєродонецьк","Програма підтримки підприємництва",1,1,100
"Суми","Програма підтримки підприємництва",1,1,100
"Володимир Волинський","Програма підтримки підприємництва",1,1,100
"Рівне","Програма підтримки підприємництва",1,1,100
"Ізмаїл","Програма підтримки підприємництва",1,1,100
"Запоріжжя","Програма підтримки підприємництва",1,1,100
"Кам'янське","Програма підтримки підприємництва",1,1,100
"Дрогобич","Програма підтримки підприємництва",0,1,0
"Коростень","Програма підтримки підприємництва",1,1,100
"Тернопіль","Програма підтримки підприємництва",1,1,100
"Краматорськ","Програма підтримки підприємництва",0,1,0
"Коломия","Програма підтримки підприємництва",1,1,100
"Житомир","Програма підтримки підприємництва",1,1,100
"Калуш","Програма підтримки підприємництва",1,1,100
"Луцьк","Програма підтримки підприємництва",1,1,100
"Нікополь","Програма підтримки підприємництва",1,1,100
"Ужгород","Програма підтримки підприємництва",1,1,100
"Бахмут","Програма підтримки підприємництва",1,1,100
"Дніпро","Програма підтримки підприємництва",0,1,0
"Енергодар","Програма підтримки підприємництва",0,1,0
"Кропивницький","Програма підтримки підприємництва",1,1,100
"Чернігів","Програма підтримки підприємництва",1,1,100
"Ромни","Програма підтримки підприємництва",1,1,100
"Бориспіль","Програма підтримки підприємництва",0,1,0
"Миргород","Програма підтримки підприємництва",1,1,100
"Маріуполь","Програма підтримки підприємництва",0,1,0
"Первомайськ","Програма підтримки підприємництва",1,1,100
"Кам'янець-Подільський","Програма підтримки підприємництва",1,1,100
"Ковель","Програма підтримки підприємництва",1,1,100
"Олександрія","Програма підтримки підприємництва",1,1,100
"Ніжин","Програма підтримки підприємництва",0,1,0
"Лубни","Програма підтримки підприємництва",0,1,0
"Охтирка","Програма підтримки підприємництва",1,1,100
"Хмельницький","Програма підтримки підприємництва",1,1,100
"Бровари","Програма підтримки підприємництва",0,1,0
"Жмеринка","Програма підтримки підприємництва",0,1,0
"Миколаїв","Програма підтримки підприємництва",1,1,100
"Лисичанськ","Програма підтримки підприємництва",1,1,100
"Слов'янськ","Програма підтримки підприємництва",1,1,100
"Білгород Дністровський","Програма підтримки підприємництва",1,1,100
"Дубно","Програма підтримки підприємництва",1,1,100
"Мелітополь","Програма підтримки підприємництва",1,1,100
"Шепетівка","Програма підтримки підприємництва",0,1,0
"Чернівці","Програма підтримки підприємництва",1,1,100
"Херсон","Програма підтримки підприємництва",1,1,100
"Лиман","Програма підтримки підприємництва",1,1,100
"Лозова","Програма підтримки підприємництва",0,1,0
"Каховка","Програма підтримки підприємництва",1,1,100
"Мукачево","Програма підтримки підприємництва",1,1,100
"Кременчук","Програма підтримки підприємництва",1,1,100
"Южноукраїнськ","Програма підтримки підприємництва",0,1,0
"Покров","Програма підтримки підприємництва",0,1,0
"Рубіжне","Програма підтримки підприємництва",0,1,0
"Фастів","Програма підтримки підприємництва",0,1,0
"Сміла","Програма підтримки підприємництва",0,1,0
"Світловодськ","Програма підтримки підприємництва",1,1,100
"Нетішин","Програма підтримки підприємництва",0,1,0
"Подільськ","Програма підтримки підприємництва",0,1,0
"Горішні Плавні","Програма підтримки підприємництва",1,1,100
"Ірпінь","Програма підтримки підприємництва",1,1,100
"Червоноград","Програма підтримки підприємництва",0,1,0
"Чорноморськ","Програма підтримки підприємництва",1,1,100
"Харків","Програма підтримки підприємництва",1,1,100
"Бердичів","Програма підтримки підприємництва",0,1,0
"Славута","Програма підтримки підприємництва",0,1,0
"Старокостянтинів","Програма підтримки підприємництва",0,1,0
"Боярка","Програма підтримки підприємництва",0,1,0
"Костянтинівка","Програма підтримки підприємництва",1,1,100
"Жовті Води","Програма підтримки підприємництва",1,1,100
"Ізюм","Програма підтримки підприємництва",0,1,0
"Мирноград","Програма підтримки підприємництва",1,1,100
"Самбір","Програма підтримки підприємництва",1,1,100
"Новоград-Волинський","Програма підтримки підприємництва",0,1,0
"Конотоп","Програма підтримки підприємництва",0,1,0
"Павлоград","Програма підтримки підприємництва",1,1,100
"Шостка","Програма підтримки підприємництва",0,1,0
"Васильків","Програма підтримки підприємництва",1,1,100
"Вараш","Програма підтримки підприємництва",0,1,0
"Марганець","Програма підтримки підприємництва",0,1,0
"Полтава","Програма підтримки підприємництва",0,1,0
"Куп'янськ","Програма підтримки підприємництва",0,1,0
"Нова Каховка","Програма підтримки підприємництва",0,1,0
"Нововолинськ","Програма підтримки підприємництва",0,1,0
"Стрий","Програма підтримки підприємництва",0,1,0
"Вишневе","Програма підтримки підприємництва",0,1,0
"Кривий Ріг","Програма підтримки підприємництва",0,1,0
"Черкаси","Програма підтримки підприємництва",0,1,0
"Прилуки","Програма підтримки підприємництва",0,1,0
"Умань","Програма підтримки підприємництва",0,1,0
"Покровськ","Програма підтримки підприємництва",0,1,0
"Дунаївці","Програма підтримки підприємництва",0,1,0
"Новомосковськ","Програма підтримки підприємництва",0,1,0
"Івано-Франківськ","Електронні аукціони",0,1,0
"Київ","Електронні аукціони",1,1,100
"Вінниця","Електронні аукціони",0,1,0
"Львів","Електронні аукціони",1,1,100
"Біла Церква","Електронні аукціони",0,1,0
"Одеса","Електронні аукціони",0,1,0
"Дружківка","Електронні аукціони",0,1,0
"Бердянськ","Електронні аукціони",0,1,0
"Серєродонецьк","Електронні аукціони",0,1,0
"Суми","Електронні аукціони",0,1,0
"Володимир Волинський","Електронні аукціони",0,1,0
"Рівне","Електронні аукціони",0,1,0
"Ізмаїл","Електронні аукціони",0,1,0
"Запоріжжя","Електронні аукціони",0,1,0
"Кам'янське","Електронні аукціони",0,1,0
"Дрогобич","Електронні аукціони",1,1,100
"Коростень","Електронні аукціони",0,1,0
"Тернопіль","Електронні аукціони",0,1,0
"Краматорськ","Електронні аукціони",0,1,0
"Коломия","Електронні аукціони",0,1,0
"Житомир","Електронні аукціони",0,1,0
"Калуш","Електронні аукціони",0,1,0
"Луцьк","Електронні аукціони",0,1,0
"Нікополь","Електронні аукціони",0,1,0
"Ужгород","Електронні аукціони",0,1,0
"Бахмут","Електронні аукціони",0,1,0
"Дніпро","Електронні аукціони",0,1,0
"Енергодар","Електронні аукціони",0,1,0
"Кропивницький","Електронні аукціони",0,1,0
"Чернігів","Електронні аукціони",0,1,0
"Ромни","Електронні аукціони",0,1,0
"Бориспіль","Електронні аукціони",0,1,0
"Миргород","Електронні аукціони",0,1,0
"Маріуполь","Електронні аукціони",0,1,0
"Первомайськ","Електронні аукціони",0,1,0
"Кам'янець-Подільський","Електронні аукціони",0,1,0
"Ковель","Електронні аукціони",0,1,0
"Олександрія","Електронні аукціони",0,1,0
"Ніжин","Електронні аукціони",0,1,0
"Лубни","Електронні аукціони",0,1,0
"Охтирка","Електронні аукціони",0,1,0
"Хмельницький","Електронні аукціони",1,1,100
"Бровари","Електронні аукціони",0,1,0
"Жмеринка","Електронні аукціони",0,1,0
"Миколаїв","Електронні аукціони",0,1,0
"Лисичанськ","Електронні аукціони",0,1,0
"Слов'янськ","Електронні аукціони",0,1,0
"Білгород Дністровський","Електронні аукціони",0,1,0
"Дубно","Електронні аукціони",0,1,0
"Мелітополь","Електронні аукціони",0,1,0
"Шепетівка","Електронні аукціони",0,1,0
"Чернівці","Електронні аукціони",0,1,0
"Херсон","Електронні аукціони",0,1,0
"Лиман","Електронні аукціони",0,1,0
"Лозова","Електронні аукціони",0,1,0
"Каховка","Електронні аукціони",0,1,0
"Мукачево","Електронні аукціони",0,1,0
"Кременчук","Електронні аукціони",0,1,0
"Южноукраїнськ","Електронні аукціони",0,1,0
"Покров","Електронні аукціони",0,1,0
"Рубіжне","Електронні аукціони",0,1,0
"Фастів","Електронні аукціони",0,1,0
"Сміла","Електронні аукціони",0,1,0
"Світловодськ","Електронні аукціони",0,1,0
"Нетішин","Електронні аукціони",0,1,0
"Подільськ","Електронні аукціони",0,1,0
"Горішні Плавні","Електронні аукціони",0,1,0
"Ірпінь","Електронні аукціони",0,1,0
"Червоноград","Електронні аукціони",0,1,0
"Чорноморськ","Електронні аукціони",0,1,0
"Харків","Електронні аукціони",0,1,0
"Бердичів","Електронні аукціони",0,1,0
"Славута","Електронні аукціони",0,1,0
"Старокостянтинів","Електронні аукціони",0,1,0
"Боярка","Електронні аукціони",0,1,0
"Костянтинівка","Електронні аукціони",0,1,0
"Жовті Води","Електронні аукціони",0,1,0
"Ізюм","Електронні аукціони",0,1,0
"Мирноград","Електронні аукціони",0,1,0
"Самбір","Електронні аукціони",0,1,0
"Новоград-Волинський","Електронні аукціони",0,1,0
"Конотоп","Електронні аукціони",0,1,0
"Павлоград","Електронні аукціони",0,1,0
"Шостка","Електронні аукціони",0,1,0
"Васильків","Електронні аукціони",0,1,0
"Вараш","Електронні аукціони",0,1,0
"Марганець","Електронні аукціони",0,1,0
"Полтава","Електронні аукціони",0,1,0
"Куп'янськ","Електронні аукціони",0,1,0
"Нова Каховка","Електронні аукціони",0,1,0
"Нововолинськ","Електронні аукціони",0,1,0
"Стрий","Електронні аукціони",0,1,0
"Вишневе","Електронні аукціони",0,1,0
"Кривий Ріг","Електронні аукціони",0,1,0
"Черкаси","Електронні аукціони",0,1,0
"Прилуки","Електронні аукціони",0,1,0
"Умань","Електронні аукціони",0,1,0
"Покровськ","Електронні аукціони",0,1,0
"Дунаївці","Електронні аукціони",0,1,0
"Новомосковськ","Електронні аукціони",0,1,0